Sample,Time,Time_prev,Event,Cost,Platform,Country,Difficulty
1,22.892279226759843,0.0,0,0.0,android,GB,easy
2,16.528882196540184,0.0,0,0.0,android,GB,easy
3,130.66216866981847,0.0,0,0.0,android,GB,easy
4,108.49708661812448,0.0,0,0.0,android,GB,easy
5,117.50499921837445,0.0,0,0.0,android,GB,easy
6,83.84961075443414,0.0,0,0.0,android,GB,easy
7,70.1564361059607,0.0,0,0.0,android,GB,easy
8,4.8196533389659635,0.0,0,0.0,android,GB,easy
9,110.94414504483568,0.0,0,0.0,android,GB,easy
10,19.045406792585066,0.0,0,0.0,android,GB,easy
11,145.07737798569556,0.0,0,0.0,android,GB,easy
12,49.384607129197796,0.0,0,0.0,android,GB,easy
13,7.467831477018632,0.0,1,10.0,android,GB,easy
13,13.816369051771826,7.467831477018632,0,0.0,android,GB,easy
14,36.569901699509984,0.0,0,0.0,android,GB,easy
15,125.45880857973957,0.0,0,0.0,android,GB,easy
16,92.58788670271613,0.0,0,0.0,android,GB,easy
17,134.64505461918884,0.0,0,0.0,android,GB,easy
18,152.70281397996268,0.0,0,0.0,android,GB,easy
19,91.02693601328698,0.0,0,0.0,android,GB,easy
20,71.45609730262996,0.0,0,0.0,android,GB,easy
21,40.228677838647606,0.0,0,0.0,android,GB,easy
22,23.092883822794292,0.0,0,0.0,android,GB,easy
23,127.53216499833174,0.0,0,0.0,android,GB,easy
24,32.75706109650874,0.0,0,0.0,android,GB,easy
25,10.520816669327031,0.0,1,1.0,android,GB,easy
25,24.485047835747977,10.520816669327031,0,0.0,android,GB,easy
26,148.01849246060942,0.0,0,0.0,android,GB,easy
27,14.572030353268376,0.0,1,4.0,android,GB,easy
27,38.98200282672668,14.572030353268376,0,0.0,android,GB,easy
28,11.272038009836674,0.0,1,1.0,android,GB,easy
28,12.852172400269165,11.272038009836674,0,0.0,android,GB,easy
29,23.179539595535054,0.0,1,1.0,android,GB,easy
29,45.17467995693282,23.179539595535054,0,0.0,android,GB,easy
30,137.54141606115985,0.0,0,0.0,android,GB,easy
31,2.6602340104834905,0.0,1,4.0,android,GB,easy
31,159.73929217236454,2.6602340104834905,0,0.0,android,GB,easy
32,169.8682011203245,0.0,0,0.0,android,GB,easy
33,86.8733209903644,0.0,0,0.0,android,GB,easy
34,136.5668924455252,0.0,0,0.0,android,GB,easy
35,115.31799391611811,0.0,0,0.0,android,GB,easy
36,83.14451984322972,0.0,0,0.0,android,GB,easy
37,132.0156889119025,0.0,0,0.0,android,GB,easy
38,112.62617470188555,0.0,0,0.0,android,GB,easy
39,75.94135457654254,0.0,0,0.0,android,GB,easy
40,126.70917084208698,0.0,0,0.0,android,GB,easy
41,36.705527492625706,0.0,1,1.0,android,GB,easy
41,91.61511814278313,36.705527492625706,0,0.0,android,GB,easy
42,0.006838720226529649,0.0,0,0.0,android,GB,easy
43,143.2909459848502,0.0,0,0.0,android,GB,easy
44,136.0144992450252,0.0,0,0.0,android,GB,easy
45,13.898400685716764,0.0,1,1.0,android,GB,easy
45,63.605716761785004,13.898400685716764,0,0.0,android,GB,easy
46,24.855704357316373,0.0,0,0.0,android,GB,easy
47,33.98089872682942,0.0,1,1.0,android,GB,easy
47,140.44398150069213,33.98089872682942,0,0.0,android,GB,easy
48,26.40820026239335,0.0,0,0.0,android,GB,easy
49,0.16587926720977844,0.0,1,1.0,android,GB,easy
49,55.71951666795781,0.16587926720977844,1,1.0,android,GB,easy
49,84.50365427214825,55.71951666795781,0,0.0,android,GB,easy
50,59.28234467757174,0.0,0,0.0,android,GB,easy
51,128.47514614434988,0.0,0,0.0,android,GB,normal
52,42.106979090912134,0.0,0,0.0,android,GB,normal
53,143.06626404066813,0.0,0,0.0,android,GB,normal
54,83.528338145447,0.0,0,0.0,android,GB,normal
55,114.16726063705525,0.0,0,0.0,android,GB,normal
56,145.1322614290034,0.0,0,0.0,android,GB,normal
57,16.285386390952805,0.0,0,0.0,android,GB,normal
58,0.676730135682686,0.0,0,0.0,android,GB,normal
59,67.37303162757583,0.0,0,0.0,android,GB,normal
60,62.243348942123966,0.0,0,0.0,android,GB,normal
61,71.13917508505078,0.0,0,0.0,android,GB,normal
62,32.53171605692106,0.0,0,0.0,android,GB,normal
63,122.71643978878544,0.0,0,0.0,android,GB,normal
64,51.39299846330878,0.0,0,0.0,android,GB,normal
65,6.614345040027212,0.0,1,1.0,android,GB,normal
65,152.9327460569668,6.614345040027212,0,0.0,android,GB,normal
66,6.864751294718401,0.0,0,0.0,android,GB,normal
67,43.95091347560347,0.0,0,0.0,android,GB,normal
68,62.34972116337772,0.0,0,0.0,android,GB,normal
69,28.376330616914412,0.0,0,0.0,android,GB,normal
70,13.549615250506935,0.0,0,0.0,android,GB,normal
71,170.19865224402918,0.0,0,0.0,android,GB,normal
72,161.2368295067298,0.0,0,0.0,android,GB,normal
73,60.3654334606919,0.0,0,0.0,android,GB,normal
74,85.91865891515032,0.0,0,0.0,android,GB,normal
75,24.10071669510997,0.0,0,0.0,android,GB,normal
76,121.61694243387579,0.0,0,0.0,android,GB,normal
77,140.8626899232324,0.0,0,0.0,android,GB,normal
78,91.44224206851996,0.0,0,0.0,android,GB,normal
79,87.18531495240039,0.0,0,0.0,android,GB,normal
80,38.30632495383973,0.0,0,0.0,android,GB,normal
81,102.43345543836473,0.0,0,0.0,android,GB,normal
82,78.60319240124433,0.0,0,0.0,android,GB,normal
83,25.422234900576463,0.0,1,1.0,android,GB,normal
83,102.06000943439854,25.422234900576463,0,0.0,android,GB,normal
84,29.92339688137972,0.0,1,1.0,android,GB,normal
84,94.61010516798235,29.92339688137972,0,0.0,android,GB,normal
85,125.78726423551025,0.0,0,0.0,android,GB,normal
86,25.751498253726073,0.0,0,0.0,android,GB,normal
87,117.63544749495142,0.0,0,0.0,android,GB,normal
88,154.5601845323345,0.0,0,0.0,android,GB,normal
89,174.6489609997126,0.0,0,0.0,android,GB,normal
90,173.20485608302343,0.0,0,0.0,android,GB,normal
91,134.7123329047117,0.0,0,0.0,android,GB,normal
92,24.013287183894438,0.0,1,1.0,android,GB,normal
92,88.559554058051,24.013287183894438,0,0.0,android,GB,normal
93,6.223290920860903,0.0,0,0.0,android,GB,normal
94,101.96448421007506,0.0,0,0.0,android,GB,normal
95,106.39295168172819,0.0,0,0.0,android,GB,normal
96,26.300847733399515,0.0,0,0.0,android,GB,normal
97,173.9297918738045,0.0,0,0.0,android,GB,normal
98,4.755657509208795,0.0,0,0.0,android,GB,normal
99,140.15172177521393,0.0,0,0.0,android,GB,normal
100,138.41001423710998,0.0,0,0.0,android,GB,normal
101,10.404928146564378,0.0,0,0.0,android,GB,hard
102,161.46674003996995,0.0,0,0.0,android,GB,hard
103,53.3790917865168,0.0,0,0.0,android,GB,hard
104,47.3338532740937,0.0,0,0.0,android,GB,hard
105,113.50132138694435,0.0,0,0.0,android,GB,hard
106,44.28515739655057,0.0,0,0.0,android,GB,hard
107,155.92240484356452,0.0,0,0.0,android,GB,hard
108,20.30599587648053,0.0,0,0.0,android,GB,hard
109,1.8792276806916641,0.0,1,1.0,android,GB,hard
109,112.9616962397619,1.8792276806916641,0,0.0,android,GB,hard
110,81.61227863002328,0.0,0,0.0,android,GB,hard
111,52.43848050373462,0.0,1,1.0,android,GB,hard
111,89.4447034775589,52.43848050373462,0,0.0,android,GB,hard
112,40.36075299283053,0.0,0,0.0,android,GB,hard
113,102.41349863645873,0.0,0,0.0,android,GB,hard
114,13.068073215951062,0.0,0,0.0,android,GB,hard
115,174.3895105203349,0.0,0,0.0,android,GB,hard
116,56.51215909242751,0.0,0,0.0,android,GB,hard
117,116.82797296673603,0.0,0,0.0,android,GB,hard
118,113.14717299653178,0.0,0,0.0,android,GB,hard
119,47.28427991492054,0.0,0,0.0,android,GB,hard
120,7.0000504401112025,0.0,0,0.0,android,GB,hard
121,106.18737494978639,0.0,0,0.0,android,GB,hard
122,125.40857467961675,0.0,0,0.0,android,GB,hard
123,145.34952119704468,0.0,0,0.0,android,GB,hard
124,68.3432457221158,0.0,0,0.0,android,GB,hard
125,172.24148581670806,0.0,0,0.0,android,GB,hard
126,105.83403056575317,0.0,0,0.0,android,GB,hard
127,101.86467681285444,0.0,0,0.0,android,GB,hard
128,107.54233243721093,0.0,0,0.0,android,GB,hard
129,121.63037632314133,0.0,0,0.0,android,GB,hard
130,101.02935972584844,0.0,0,0.0,android,GB,hard
131,23.101790032561794,0.0,1,4.0,android,GB,hard
131,53.08050446041791,23.101790032561794,0,0.0,android,GB,hard
132,112.42623727508803,0.0,0,0.0,android,GB,hard
133,98.33778990233452,0.0,0,0.0,android,GB,hard
134,54.83775904767063,0.0,0,0.0,android,GB,hard
135,23.01411831242281,0.0,0,0.0,android,GB,hard
136,5.643797977391543,0.0,0,0.0,android,GB,hard
137,127.18431567787094,0.0,0,0.0,android,GB,hard
138,130.38395094657434,0.0,0,0.0,android,GB,hard
139,37.96768425748292,0.0,0,0.0,android,GB,hard
140,160.54839646402434,0.0,0,0.0,android,GB,hard
141,146.3737489222453,0.0,0,0.0,android,GB,hard
142,7.656522871299574,0.0,0,0.0,android,GB,hard
143,42.173447772937315,0.0,0,0.0,android,GB,hard
144,79.8334596462567,0.0,0,0.0,android,GB,hard
145,122.75862793202865,0.0,0,0.0,android,GB,hard
146,81.25714162493036,0.0,0,0.0,android,GB,hard
147,53.1077481907601,0.0,0,0.0,android,GB,hard
148,117.15567639585998,0.0,0,0.0,android,GB,hard
149,59.550926280630975,0.0,0,0.0,android,GB,hard
150,76.23491281562909,0.0,0,0.0,android,GB,hard
151,71.28026107258077,0.0,0,0.0,android,US,easy
152,1.6781800086688525,0.0,0,0.0,android,US,easy
153,173.50542426067517,0.0,0,0.0,android,US,easy
154,127.61650446281499,0.0,0,0.0,android,US,easy
155,30.981542452037832,0.0,0,0.0,android,US,easy
156,167.89608071909686,0.0,0,0.0,android,US,easy
157,39.9609145756385,0.0,1,1.0,android,US,easy
157,164.30298723170736,39.9609145756385,0,0.0,android,US,easy
158,113.39142842069471,0.0,0,0.0,android,US,easy
159,134.61628816513786,0.0,0,0.0,android,US,easy
160,155.41381476048448,0.0,0,0.0,android,US,easy
161,171.22545613895275,0.0,0,0.0,android,US,easy
162,54.91594699406189,0.0,1,1.0,android,US,easy
162,100.80100667283502,54.91594699406189,0,0.0,android,US,easy
163,83.72254374274524,0.0,0,0.0,android,US,easy
164,52.29511238981544,0.0,0,0.0,android,US,easy
165,76.72520863347206,0.0,0,0.0,android,US,easy
166,4.382007607944245,0.0,0,0.0,android,US,easy
167,164.58979791547713,0.0,0,0.0,android,US,easy
168,40.07575714051781,0.0,0,0.0,android,US,easy
169,73.81232159468205,0.0,0,0.0,android,US,easy
170,151.2525099179588,0.0,0,0.0,android,US,easy
171,121.26854207894195,0.0,0,0.0,android,US,easy
172,133.75427511598184,0.0,0,0.0,android,US,easy
173,12.156240010558728,0.0,0,0.0,android,US,easy
174,37.3332516044081,0.0,0,0.0,android,US,easy
175,112.00906277768681,0.0,0,0.0,android,US,easy
176,20.257345938024848,0.0,1,1.0,android,US,easy
176,39.47764706139191,20.257345938024848,0,0.0,android,US,easy
177,123.78270519157934,0.0,0,0.0,android,US,easy
178,60.31910777657306,0.0,0,0.0,android,US,easy
179,18.203161275192706,0.0,0,0.0,android,US,easy
180,53.73468470527784,0.0,0,0.0,android,US,easy
181,29.63305680277669,0.0,0,0.0,android,US,easy
182,72.84451990763323,0.0,0,0.0,android,US,easy
183,12.978586303134191,0.0,0,0.0,android,US,easy
184,85.33616502445834,0.0,0,0.0,android,US,easy
185,22.011756575310436,0.0,0,0.0,android,US,easy
186,20.105212562255993,0.0,0,0.0,android,US,easy
187,117.33632949409171,0.0,0,0.0,android,US,easy
188,137.4780771471121,0.0,0,0.0,android,US,easy
189,86.6395543281764,0.0,0,0.0,android,US,easy
190,36.407837478890976,0.0,0,0.0,android,US,easy
191,9.148576463473555,0.0,0,0.0,android,US,easy
192,59.74664175402672,0.0,0,0.0,android,US,easy
193,123.3708626171618,0.0,0,0.0,android,US,easy
194,21.205042633483753,0.0,0,0.0,android,US,easy
195,117.75806920561024,0.0,0,0.0,android,US,easy
196,28.47833304782901,0.0,0,0.0,android,US,easy
197,179.22738424076812,0.0,0,0.0,android,US,easy
198,3.087226809452917,0.0,1,10.0,android,US,easy
198,149.04359392715565,3.087226809452917,0,0.0,android,US,easy
199,16.41275545805216,0.0,0,0.0,android,US,easy
200,120.86742177917775,0.0,0,0.0,android,US,easy
201,172.53107735077182,0.0,0,0.0,android,US,normal
202,45.833024074076036,0.0,0,0.0,android,US,normal
203,76.04669782796245,0.0,0,0.0,android,US,normal
204,165.2400868111625,0.0,0,0.0,android,US,normal
205,170.45187935430062,0.0,0,0.0,android,US,normal
206,100.30360800697795,0.0,0,0.0,android,US,normal
207,79.04373897385435,0.0,0,0.0,android,US,normal
208,139.2930966207818,0.0,0,0.0,android,US,normal
209,102.9473893281413,0.0,0,0.0,android,US,normal
210,28.748723530091084,0.0,0,0.0,android,US,normal
211,11.06680880042183,0.0,0,0.0,android,US,normal
212,87.23908940365753,0.0,0,0.0,android,US,normal
213,25.177740430597407,0.0,0,0.0,android,US,normal
214,38.93072776573845,0.0,0,0.0,android,US,normal
215,95.86133676491073,0.0,0,0.0,android,US,normal
216,15.98567418237683,0.0,0,0.0,android,US,normal
217,27.85662321283947,0.0,1,4.0,android,US,normal
217,35.096721809183556,27.85662321283947,1,1.0,android,US,normal
217,160.96582415631119,35.096721809183556,0,0.0,android,US,normal
218,91.09716567561804,0.0,0,0.0,android,US,normal
219,5.656031719149017,0.0,1,1.0,android,US,normal
219,6.576398684158762,5.656031719149017,0,0.0,android,US,normal
220,131.0053270644059,0.0,0,0.0,android,US,normal
221,54.8373383703137,0.0,0,0.0,android,US,normal
222,37.48134873294446,0.0,0,0.0,android,US,normal
223,22.535344775981805,0.0,1,1.0,android,US,normal
223,153.3465556822697,22.535344775981805,0,0.0,android,US,normal
224,11.756785793211417,0.0,0,0.0,android,US,normal
225,89.56935009383248,0.0,0,0.0,android,US,normal
226,151.50861432873185,0.0,0,0.0,android,US,normal
227,22.48561687386655,0.0,0,0.0,android,US,normal
228,90.46433904671487,0.0,0,0.0,android,US,normal
229,94.59369350778952,0.0,0,0.0,android,US,normal
230,52.487975067711744,0.0,0,0.0,android,US,normal
231,36.61314135409074,0.0,0,0.0,android,US,normal
232,134.7964833891291,0.0,0,0.0,android,US,normal
233,60.84027050918419,0.0,0,0.0,android,US,normal
234,20.951171442172722,0.0,0,0.0,android,US,normal
235,112.15798369401104,0.0,0,0.0,android,US,normal
236,24.81290308512105,0.0,1,1.0,android,US,normal
236,109.97415143794429,24.81290308512105,0,0.0,android,US,normal
237,77.58947660294633,0.0,0,0.0,android,US,normal
238,10.36692640039696,0.0,0,0.0,android,US,normal
239,105.04268423401398,0.0,0,0.0,android,US,normal
240,141.24721754455692,0.0,0,0.0,android,US,normal
241,144.30998029982933,0.0,0,0.0,android,US,normal
242,36.62065046402804,0.0,0,0.0,android,US,normal
243,52.64761818604827,0.0,0,0.0,android,US,normal
244,79.19311348323926,0.0,1,4.0,android,US,normal
244,80.68452697860903,79.19311348323926,0,0.0,android,US,normal
245,25.749134273101898,0.0,0,0.0,android,US,normal
246,61.457514864135945,0.0,0,0.0,android,US,normal
247,36.13349953966731,0.0,0,0.0,android,US,normal
248,0.8079271376478458,0.0,0,0.0,android,US,normal
249,144.4922892742021,0.0,0,0.0,android,US,normal
250,98.45415985055246,0.0,0,0.0,android,US,normal
251,151.15217561682493,0.0,0,0.0,android,US,hard
252,163.03515323788184,0.0,0,0.0,android,US,hard
253,149.73011369724207,0.0,0,0.0,android,US,hard
254,110.57017413857,0.0,0,0.0,android,US,hard
255,96.32710835768162,0.0,0,0.0,android,US,hard
256,152.4896724954518,0.0,0,0.0,android,US,hard
257,23.04938911236613,0.0,0,0.0,android,US,hard
258,82.4922285139433,0.0,0,0.0,android,US,hard
259,73.59828043109863,0.0,0,0.0,android,US,hard
260,0.8377176056205181,0.0,1,1.0,android,US,hard
260,137.45926879376464,0.8377176056205181,0,0.0,android,US,hard
261,51.904583188104134,0.0,0,0.0,android,US,hard
262,22.936910003356246,0.0,0,0.0,android,US,hard
263,65.55973437972116,0.0,0,0.0,android,US,hard
264,73.67633640246794,0.0,0,0.0,android,US,hard
265,5.813342756799648,0.0,1,1.0,android,US,hard
265,146.3575788625516,5.813342756799648,0,0.0,android,US,hard
266,81.74481361674476,0.0,1,4.0,android,US,hard
266,110.61494796744267,81.74481361674476,0,0.0,android,US,hard
267,41.707028602479106,0.0,1,1.0,android,US,hard
267,142.0244724725729,41.707028602479106,0,0.0,android,US,hard
268,151.40186962900552,0.0,0,0.0,android,US,hard
269,167.47659204011967,0.0,0,0.0,android,US,hard
270,81.85156586386262,0.0,0,0.0,android,US,hard
271,101.93874914855616,0.0,0,0.0,android,US,hard
272,12.07061320790933,0.0,1,1.0,android,US,hard
272,47.387246880599996,12.07061320790933,0,0.0,android,US,hard
273,57.782326266770475,0.0,1,1.0,android,US,hard
273,71.52655695429686,57.782326266770475,1,4.0,android,US,hard
273,127.6717369300692,71.52655695429686,0,0.0,android,US,hard
274,14.068648626061378,0.0,0,0.0,android,US,hard
275,17.17114565402274,0.0,1,1.0,android,US,hard
275,104.66336611728718,17.17114565402274,0,0.0,android,US,hard
276,163.4149561743093,0.0,0,0.0,android,US,hard
277,113.31155102981269,0.0,0,0.0,android,US,hard
278,54.05031372292132,0.0,0,0.0,android,US,hard
279,14.966799904022553,0.0,1,1.0,android,US,hard
279,23.81106576166301,14.966799904022553,0,0.0,android,US,hard
280,11.87945037038557,0.0,1,1.0,android,US,hard
280,37.555129592563965,11.87945037038557,0,0.0,android,US,hard
281,15.092591921137835,0.0,0,0.0,android,US,hard
282,68.99366572955212,0.0,0,0.0,android,US,hard
283,8.009712576769822,0.0,0,0.0,android,US,hard
284,8.360513862807824,0.0,1,1.0,android,US,hard
284,155.99307418373945,8.360513862807824,0,0.0,android,US,hard
285,146.46133396307425,0.0,0,0.0,android,US,hard
286,112.26007966257586,0.0,0,0.0,android,US,hard
287,20.865861862761378,0.0,0,0.0,android,US,hard
288,3.770221773875042,0.0,0,0.0,android,US,hard
289,83.3927042203393,0.0,0,0.0,android,US,hard
290,162.99518672031954,0.0,0,0.0,android,US,hard
291,76.6623169786194,0.0,0,0.0,android,US,hard
292,75.00009232274732,0.0,0,0.0,android,US,hard
293,4.814363752944568,0.0,1,1.0,android,US,hard
293,60.0614691131442,4.814363752944568,0,0.0,android,US,hard
294,159.36861823546525,0.0,0,0.0,android,US,hard
295,164.40203628685896,0.0,0,0.0,android,US,hard
296,92.58443712929238,0.0,0,0.0,android,US,hard
297,109.55193289929852,0.0,0,0.0,android,US,hard
298,170.86545575936003,0.0,0,0.0,android,US,hard
299,177.11647907358673,0.0,0,0.0,android,US,hard
300,13.993538881905003,0.0,0,0.0,android,US,hard
301,90.38760558333746,0.0,0,0.0,android,AU,easy
302,33.28392185587713,0.0,1,4.0,android,AU,easy
302,78.88963413322762,33.28392185587713,0,0.0,android,AU,easy
303,46.73115019916683,0.0,1,1.0,android,AU,easy
303,88.9806696387187,46.73115019916683,0,0.0,android,AU,easy
304,2.190310948818447,0.0,1,1.0,android,AU,easy
304,33.571625114575355,2.190310948818447,1,1.0,android,AU,easy
304,107.32101470740326,33.571625114575355,0,0.0,android,AU,easy
305,0.3534161349257032,0.0,1,4.0,android,AU,easy
305,6.242348719166588,0.3534161349257032,0,0.0,android,AU,easy
306,43.696181145079166,0.0,0,0.0,android,AU,easy
307,13.957705961319524,0.0,1,1.0,android,AU,easy
307,93.1787358249685,13.957705961319524,0,0.0,android,AU,easy
308,91.63781745769589,0.0,0,0.0,android,AU,easy
309,45.91700452086351,0.0,1,1.0,android,AU,easy
309,177.27056031698962,45.91700452086351,0,0.0,android,AU,easy
310,14.203085311228039,0.0,1,1.0,android,AU,easy
310,18.141404580439563,14.203085311228039,1,1.0,android,AU,easy
310,85.99645618606716,18.141404580439563,0,0.0,android,AU,easy
311,25.04451687854349,0.0,1,1.0,android,AU,easy
311,133.11224092390694,25.04451687854349,1,1.0,android,AU,easy
311,141.6352756722632,133.11224092390694,1,1.0,android,AU,easy
311,142.1408081739566,141.6352756722632,0,0.0,android,AU,easy
312,20.35281892541254,0.0,1,1.0,android,AU,easy
312,98.37770009081827,20.35281892541254,0,0.0,android,AU,easy
313,65.42729704535974,0.0,0,0.0,android,AU,easy
314,21.523367096582927,0.0,0,0.0,android,AU,easy
315,100.90593662404292,0.0,0,0.0,android,AU,easy
316,77.00198428297652,0.0,0,0.0,android,AU,easy
317,170.16571155191454,0.0,0,0.0,android,AU,easy
318,166.90584469841664,0.0,0,0.0,android,AU,easy
319,21.734773982667296,0.0,0,0.0,android,AU,easy
320,117.07748543635043,0.0,0,0.0,android,AU,easy
321,31.16316042490546,0.0,0,0.0,android,AU,easy
322,169.8714498973622,0.0,0,0.0,android,AU,easy
323,89.63926889938583,0.0,0,0.0,android,AU,easy
324,136.15370979091048,0.0,0,0.0,android,AU,easy
325,125.99036987651701,0.0,0,0.0,android,AU,easy
326,152.40622999898736,0.0,0,0.0,android,AU,easy
327,71.6157855939101,0.0,0,0.0,android,AU,easy
328,36.684735062034115,0.0,0,0.0,android,AU,easy
329,143.94053928030868,0.0,0,0.0,android,AU,easy
330,176.2387374003387,0.0,0,0.0,android,AU,easy
331,13.255620291960263,0.0,0,0.0,android,AU,easy
332,15.403500048656472,0.0,0,0.0,android,AU,easy
333,144.02865679473322,0.0,0,0.0,android,AU,easy
334,100.15706083634467,0.0,1,1.0,android,AU,easy
334,133.12854671401087,100.15706083634467,0,0.0,android,AU,easy
335,148.95078716888906,0.0,0,0.0,android,AU,easy
336,19.660264718010342,0.0,1,1.0,android,AU,easy
336,152.8477099084998,19.660264718010342,0,0.0,android,AU,easy
337,3.299068317215547,0.0,1,1.0,android,AU,easy
337,169.1945699234945,3.299068317215547,0,0.0,android,AU,easy
338,106.21095085039096,0.0,0,0.0,android,AU,easy
339,166.38937773001652,0.0,0,0.0,android,AU,easy
340,111.67038475679347,0.0,0,0.0,android,AU,easy
341,50.14515597715043,0.0,0,0.0,android,AU,easy
342,31.21889044504212,0.0,0,0.0,android,AU,easy
343,73.74208224735217,0.0,1,1.0,android,AU,easy
343,152.05765342589112,73.74208224735217,0,0.0,android,AU,easy
344,122.43081397918417,0.0,0,0.0,android,AU,easy
345,118.81859084862023,0.0,0,0.0,android,AU,easy
346,37.31328109128067,0.0,0,0.0,android,AU,easy
347,49.678067422951926,0.0,1,1.0,android,AU,easy
347,68.76863351604136,49.678067422951926,0,0.0,android,AU,easy
348,131.20753657706672,0.0,0,0.0,android,AU,easy
349,179.63983692601056,0.0,0,0.0,android,AU,easy
350,106.76560524795107,0.0,0,0.0,android,AU,easy
351,93.28011052797663,0.0,0,0.0,android,AU,normal
352,26.312363420763337,0.0,1,1.0,android,AU,normal
352,63.390997630650425,26.312363420763337,0,0.0,android,AU,normal
353,101.00714983796718,0.0,0,0.0,android,AU,normal
354,159.89611862692584,0.0,0,0.0,android,AU,normal
355,6.6988076623409025,0.0,0,0.0,android,AU,normal
356,41.98395331971086,0.0,1,1.0,android,AU,normal
356,42.91898164734037,41.98395331971086,1,1.0,android,AU,normal
356,54.883781187312465,42.91898164734037,1,1.0,android,AU,normal
356,87.66926830551543,54.883781187312465,1,4.0,android,AU,normal
356,134.9711376275043,87.66926830551543,0,0.0,android,AU,normal
357,124.47446885420246,0.0,0,0.0,android,AU,normal
358,89.94728164416328,0.0,0,0.0,android,AU,normal
359,176.61395071806638,0.0,0,0.0,android,AU,normal
360,4.965388413166103,0.0,0,0.0,android,AU,normal
361,19.272402134460513,0.0,1,10.0,android,AU,normal
361,176.30052851777475,19.272402134460513,0,0.0,android,AU,normal
362,0.8661804156846911,0.0,1,1.0,android,AU,normal
362,51.738752371961034,0.8661804156846911,1,1.0,android,AU,normal
362,60.0594477002103,51.738752371961034,1,1.0,android,AU,normal
362,64.26281196117131,60.0594477002103,1,1.0,android,AU,normal
362,71.57143523431603,64.26281196117131,1,1.0,android,AU,normal
362,120.86050708782848,71.57143523431603,0,0.0,android,AU,normal
363,145.58100839380305,0.0,0,0.0,android,AU,normal
364,14.723423586010219,0.0,0,0.0,android,AU,normal
365,23.232749298317152,0.0,0,0.0,android,AU,normal
366,19.948431291154318,0.0,0,0.0,android,AU,normal
367,51.95755729468203,0.0,0,0.0,android,AU,normal
368,7.575134355461421,0.0,0,0.0,android,AU,normal
369,3.6879852895483434,0.0,0,0.0,android,AU,normal
370,1.0408674562448517,0.0,1,1.0,android,AU,normal
370,93.18673054367765,1.0408674562448517,0,0.0,android,AU,normal
371,0.5864847399447948,0.0,1,1.0,android,AU,normal
371,15.565904884576565,0.5864847399447948,1,4.0,android,AU,normal
371,61.719698143865514,15.565904884576565,0,0.0,android,AU,normal
372,28.79279775638918,0.0,0,0.0,android,AU,normal
373,12.5437949971348,0.0,0,0.0,android,AU,normal
374,10.56305479155367,0.0,0,0.0,android,AU,normal
375,15.110504628602193,0.0,0,0.0,android,AU,normal
376,23.868856091384426,0.0,1,1.0,android,AU,normal
376,59.49775249786752,23.868856091384426,0,0.0,android,AU,normal
377,16.61846565689112,0.0,0,0.0,android,AU,normal
378,2.8016489052193028,0.0,0,0.0,android,AU,normal
379,60.09368732441643,0.0,1,1.0,android,AU,normal
379,127.04950522426495,60.09368732441643,0,0.0,android,AU,normal
380,77.96770692678058,0.0,0,0.0,android,AU,normal
381,127.74824154336883,0.0,0,0.0,android,AU,normal
382,168.41894447027533,0.0,0,0.0,android,AU,normal
383,8.671298472350866,0.0,0,0.0,android,AU,normal
384,58.42111090146644,0.0,0,0.0,android,AU,normal
385,33.21154336813773,0.0,0,0.0,android,AU,normal
386,79.90448819959536,0.0,0,0.0,android,AU,normal
387,51.31646241763505,0.0,0,0.0,android,AU,normal
388,4.727472506325342,0.0,1,1.0,android,AU,normal
388,104.6492850807492,4.727472506325342,0,0.0,android,AU,normal
389,15.113799121653503,0.0,1,1.0,android,AU,normal
389,143.08394905500654,15.113799121653503,0,0.0,android,AU,normal
390,26.739075076878226,0.0,0,0.0,android,AU,normal
391,63.683842630765575,0.0,0,0.0,android,AU,normal
392,41.05148711745065,0.0,0,0.0,android,AU,normal
393,169.29795770322514,0.0,0,0.0,android,AU,normal
394,65.08750395033827,0.0,0,0.0,android,AU,normal
395,10.990536514369769,0.0,1,4.0,android,AU,normal
395,125.10478141489406,10.990536514369769,0,0.0,android,AU,normal
396,55.96430339843041,0.0,1,1.0,android,AU,normal
396,154.3208670423592,55.96430339843041,0,0.0,android,AU,normal
397,157.24503645959652,0.0,0,0.0,android,AU,normal
398,0.00938480608615104,0.0,1,1.0,android,AU,normal
398,97.83399352179335,0.00938480608615104,0,0.0,android,AU,normal
399,7.612393091776917,0.0,0,0.0,android,AU,normal
400,38.148243945413626,0.0,0,0.0,android,AU,normal
401,1.636185760613894,0.0,1,1.0,android,AU,hard
401,147.60073229500142,1.636185760613894,0,0.0,android,AU,hard
402,67.60211695635864,0.0,0,0.0,android,AU,hard
403,91.37794955409115,0.0,0,0.0,android,AU,hard
404,122.6429285297034,0.0,1,1.0,android,AU,hard
404,142.1909777176156,122.6429285297034,1,1.0,android,AU,hard
404,150.8001942689516,142.1909777176156,0,0.0,android,AU,hard
405,177.3459408365035,0.0,0,0.0,android,AU,hard
406,3.0835957260237445,0.0,0,0.0,android,AU,hard
407,159.44790769860805,0.0,0,0.0,android,AU,hard
408,127.67808744235599,0.0,0,0.0,android,AU,hard
409,41.12563329717641,0.0,1,1.0,android,AU,hard
409,114.5891075827367,41.12563329717641,0,0.0,android,AU,hard
410,17.077000457865637,0.0,1,10.0,android,AU,hard
410,38.31893714801858,17.077000457865637,0,0.0,android,AU,hard
411,9.270239596913013,0.0,1,1.0,android,AU,hard
411,104.07192008205956,9.270239596913013,0,0.0,android,AU,hard
412,38.39283584295718,0.0,0,0.0,android,AU,hard
413,0.19500343185639757,0.0,0,0.0,android,AU,hard
414,11.464924605504983,0.0,0,0.0,android,AU,hard
415,167.6627426137094,0.0,0,0.0,android,AU,hard
416,11.347261967212818,0.0,0,0.0,android,AU,hard
417,38.075229919366585,0.0,0,0.0,android,AU,hard
418,47.773730418754624,0.0,0,0.0,android,AU,hard
419,37.12384991566364,0.0,1,4.0,android,AU,hard
419,123.97219077892943,37.12384991566364,0,0.0,android,AU,hard
420,10.359675202484041,0.0,0,0.0,android,AU,hard
421,126.07277446360034,0.0,0,0.0,android,AU,hard
422,34.58769384689288,0.0,1,1.0,android,AU,hard
422,122.42407764181407,34.58769384689288,0,0.0,android,AU,hard
423,52.16083899467306,0.0,0,0.0,android,AU,hard
424,35.76511561815527,0.0,1,1.0,android,AU,hard
424,125.98955069666334,35.76511561815527,0,0.0,android,AU,hard
425,43.39001405519725,0.0,0,0.0,android,AU,hard
426,7.148567853351692,0.0,1,1.0,android,AU,hard
426,59.27591129468886,7.148567853351692,0,0.0,android,AU,hard
427,2.898321540753983,0.0,0,0.0,android,AU,hard
428,161.34316136735464,0.0,0,0.0,android,AU,hard
429,162.58995157884215,0.0,0,0.0,android,AU,hard
430,166.75427539165278,0.0,0,0.0,android,AU,hard
431,146.82126521314103,0.0,0,0.0,android,AU,hard
432,18.392096360696257,0.0,1,1.0,android,AU,hard
432,68.5433467906458,18.392096360696257,0,0.0,android,AU,hard
433,1.8855507067547908,0.0,1,4.0,android,AU,hard
433,110.148996340519,1.8855507067547908,0,0.0,android,AU,hard
434,0.8449779562586279,0.0,0,0.0,android,AU,hard
435,74.72256596059104,0.0,0,0.0,android,AU,hard
436,10.01850185957558,0.0,0,0.0,android,AU,hard
437,124.24355014050882,0.0,0,0.0,android,AU,hard
438,21.478386658226373,0.0,1,1.0,android,AU,hard
438,28.52927563053144,21.478386658226373,1,1.0,android,AU,hard
438,126.98737087954214,28.52927563053144,0,0.0,android,AU,hard
439,143.40222780649674,0.0,0,0.0,android,AU,hard
440,100.96729269031388,0.0,0,0.0,android,AU,hard
441,178.39997786874733,0.0,0,0.0,android,AU,hard
442,10.291668451394669,0.0,0,0.0,android,AU,hard
443,48.68994925500361,0.0,0,0.0,android,AU,hard
444,101.93651997680031,0.0,0,0.0,android,AU,hard
445,121.95988082297667,0.0,0,0.0,android,AU,hard
446,31.59351807402519,0.0,1,1.0,android,AU,hard
446,90.72804313892725,31.59351807402519,0,0.0,android,AU,hard
447,33.53956407242664,0.0,1,1.0,android,AU,hard
447,165.89110054454747,33.53956407242664,0,0.0,android,AU,hard
448,169.6562162818179,0.0,0,0.0,android,AU,hard
449,22.066774486095092,0.0,0,0.0,android,AU,hard
450,42.96717767725636,0.0,0,0.0,android,AU,hard
451,64.22500647845692,0.0,0,0.0,android,NL,easy
452,32.68973277096855,0.0,0,0.0,android,NL,easy
453,148.97631422494095,0.0,0,0.0,android,NL,easy
454,146.08780080416983,0.0,0,0.0,android,NL,easy
455,135.04432572663862,0.0,0,0.0,android,NL,easy
456,112.88350834885323,0.0,0,0.0,android,NL,easy
457,94.9511697542462,0.0,0,0.0,android,NL,easy
458,151.90259224158845,0.0,0,0.0,android,NL,easy
459,30.512743535370124,0.0,0,0.0,android,NL,easy
460,95.83590964593057,0.0,0,0.0,android,NL,easy
461,66.84531481943048,0.0,0,0.0,android,NL,easy
462,58.2469467039771,0.0,0,0.0,android,NL,easy
463,32.051186324806764,0.0,0,0.0,android,NL,easy
464,112.46400580763759,0.0,0,0.0,android,NL,easy
465,167.79571513759336,0.0,0,0.0,android,NL,easy
466,70.6127462241081,0.0,0,0.0,android,NL,easy
467,98.8356643235206,0.0,0,0.0,android,NL,easy
468,6.843939479867047,0.0,0,0.0,android,NL,easy
469,173.7252196739788,0.0,0,0.0,android,NL,easy
470,167.36976276487513,0.0,0,0.0,android,NL,easy
471,133.79395968191298,0.0,0,0.0,android,NL,easy
472,149.78526893792284,0.0,0,0.0,android,NL,easy
473,19.095398492362484,0.0,0,0.0,android,NL,easy
474,141.5401309089161,0.0,0,0.0,android,NL,easy
475,39.37510513873742,0.0,0,0.0,android,NL,easy
476,28.469187060942133,0.0,0,0.0,android,NL,easy
477,151.5934681883164,0.0,0,0.0,android,NL,easy
478,102.2934883321942,0.0,0,0.0,android,NL,easy
479,166.90151641549514,0.0,0,0.0,android,NL,easy
480,134.12056790801958,0.0,0,0.0,android,NL,easy
481,0.7573095804922447,0.0,0,0.0,android,NL,easy
482,1.874535322676354,0.0,0,0.0,android,NL,easy
483,157.93097689533494,0.0,0,0.0,android,NL,easy
484,4.274882727050595,0.0,1,1.0,android,NL,easy
484,42.97298066110868,4.274882727050595,0,0.0,android,NL,easy
485,91.2119069638976,0.0,0,0.0,android,NL,easy
486,20.849518879397944,0.0,0,0.0,android,NL,easy
487,47.55852620858182,0.0,0,0.0,android,NL,easy
488,56.757541446847505,0.0,0,0.0,android,NL,easy
489,55.33065507978443,0.0,0,0.0,android,NL,easy
490,0.3503912026117395,0.0,0,0.0,android,NL,easy
491,38.766072095853374,0.0,0,0.0,android,NL,easy
492,72.537476025254,0.0,0,0.0,android,NL,easy
493,36.57869619420143,0.0,0,0.0,android,NL,easy
494,124.60960346557033,0.0,0,0.0,android,NL,easy
495,74.62291739851915,0.0,0,0.0,android,NL,easy
496,154.95246630895693,0.0,0,0.0,android,NL,easy
497,43.10521249172165,0.0,0,0.0,android,NL,easy
498,46.12186217516037,0.0,0,0.0,android,NL,easy
499,108.3676738031983,0.0,0,0.0,android,NL,easy
500,55.63876290123861,0.0,0,0.0,android,NL,easy
501,76.05229709834833,0.0,0,0.0,android,NL,normal
502,49.57155998862202,0.0,0,0.0,android,NL,normal
503,29.018057964901974,0.0,0,0.0,android,NL,normal
504,42.65105846636213,0.0,0,0.0,android,NL,normal
505,31.771757791555764,0.0,1,1.0,android,NL,normal
505,160.364977762228,31.771757791555764,0,0.0,android,NL,normal
506,3.255630126695024,0.0,0,0.0,android,NL,normal
507,178.4931915305708,0.0,0,0.0,android,NL,normal
508,144.83862321087986,0.0,0,0.0,android,NL,normal
509,2.325768099700667,0.0,0,0.0,android,NL,normal
510,102.94947799491585,0.0,0,0.0,android,NL,normal
511,67.43618742965879,0.0,0,0.0,android,NL,normal
512,101.76973471897384,0.0,0,0.0,android,NL,normal
513,82.46913399854851,0.0,0,0.0,android,NL,normal
514,136.82611186808566,0.0,0,0.0,android,NL,normal
515,66.79786094876883,0.0,0,0.0,android,NL,normal
516,133.0350427733974,0.0,0,0.0,android,NL,normal
517,164.12824202384252,0.0,0,0.0,android,NL,normal
518,123.86318845886585,0.0,0,0.0,android,NL,normal
519,171.26258701777058,0.0,0,0.0,android,NL,normal
520,19.7803126797727,0.0,0,0.0,android,NL,normal
521,131.23994739987043,0.0,0,0.0,android,NL,normal
522,156.9668181805603,0.0,0,0.0,android,NL,normal
523,51.28489478636775,0.0,1,1.0,android,NL,normal
523,88.87916196195503,51.28489478636775,0,0.0,android,NL,normal
524,18.52760135630972,0.0,0,0.0,android,NL,normal
525,17.968293513628247,0.0,0,0.0,android,NL,normal
526,100.62603436164882,0.0,0,0.0,android,NL,normal
527,121.46921564818042,0.0,0,0.0,android,NL,normal
528,143.2885156252874,0.0,0,0.0,android,NL,normal
529,70.08181759602277,0.0,0,0.0,android,NL,normal
530,170.849203358974,0.0,0,0.0,android,NL,normal
531,55.77849440510708,0.0,0,0.0,android,NL,normal
532,99.93515660870567,0.0,0,0.0,android,NL,normal
533,161.15074072880904,0.0,0,0.0,android,NL,normal
534,93.56363414765978,0.0,0,0.0,android,NL,normal
535,4.1324878222245465,0.0,0,0.0,android,NL,normal
536,65.06017323132203,0.0,0,0.0,android,NL,normal
537,140.84079925379322,0.0,0,0.0,android,NL,normal
538,78.6855475476672,0.0,0,0.0,android,NL,normal
539,149.41576970790922,0.0,0,0.0,android,NL,normal
540,108.10142564475478,0.0,0,0.0,android,NL,normal
541,39.65909181972592,0.0,0,0.0,android,NL,normal
542,80.39820791967942,0.0,0,0.0,android,NL,normal
543,70.07207612862847,0.0,0,0.0,android,NL,normal
544,45.07323564809582,0.0,0,0.0,android,NL,normal
545,49.871944026946785,0.0,1,4.0,android,NL,normal
545,78.27770301510962,49.871944026946785,0,0.0,android,NL,normal
546,32.66563301421825,0.0,0,0.0,android,NL,normal
547,144.8439507702548,0.0,0,0.0,android,NL,normal
548,112.27694249018785,0.0,0,0.0,android,NL,normal
549,16.732841515130083,0.0,0,0.0,android,NL,normal
550,16.263593423064954,0.0,0,0.0,android,NL,normal
551,8.121099474204618,0.0,0,0.0,android,NL,hard
552,17.09802224251909,0.0,0,0.0,android,NL,hard
553,88.4781386818295,0.0,0,0.0,android,NL,hard
554,19.443626349210376,0.0,0,0.0,android,NL,hard
555,24.688103248120658,0.0,0,0.0,android,NL,hard
556,30.050946547535293,0.0,0,0.0,android,NL,hard
557,129.65317963964242,0.0,0,0.0,android,NL,hard
558,6.210191753270226,0.0,1,1.0,android,NL,hard
558,11.247414541267293,6.210191753270226,0,0.0,android,NL,hard
559,0.973732228318378,0.0,0,0.0,android,NL,hard
560,101.49768995953949,0.0,0,0.0,android,NL,hard
561,29.990961658109573,0.0,0,0.0,android,NL,hard
562,123.78382948221797,0.0,0,0.0,android,NL,hard
563,92.16626122480619,0.0,0,0.0,android,NL,hard
564,18.105627794291678,0.0,0,0.0,android,NL,hard
565,134.8495758170659,0.0,0,0.0,android,NL,hard
566,6.682149794348775,0.0,0,0.0,android,NL,hard
567,53.516056215982985,0.0,0,0.0,android,NL,hard
568,15.059013458182601,0.0,0,0.0,android,NL,hard
569,102.23209817475109,0.0,0,0.0,android,NL,hard
570,67.98196972138494,0.0,0,0.0,android,NL,hard
571,126.35872052677136,0.0,0,0.0,android,NL,hard
572,128.78771349640232,0.0,0,0.0,android,NL,hard
573,93.33857910034466,0.0,0,0.0,android,NL,hard
574,6.941078399934098,0.0,1,10.0,android,NL,hard
574,107.36838828530723,6.941078399934098,0,0.0,android,NL,hard
575,66.67452529918582,0.0,0,0.0,android,NL,hard
576,118.51730641444097,0.0,0,0.0,android,NL,hard
577,176.70826980421597,0.0,0,0.0,android,NL,hard
578,86.21059317341872,0.0,0,0.0,android,NL,hard
579,99.28731524870095,0.0,0,0.0,android,NL,hard
580,64.77628856935458,0.0,0,0.0,android,NL,hard
581,129.4260076256812,0.0,0,0.0,android,NL,hard
582,98.09029939507455,0.0,0,0.0,android,NL,hard
583,85.43681008800509,0.0,0,0.0,android,NL,hard
584,0.6303753771620646,0.0,0,0.0,android,NL,hard
585,122.90515753159453,0.0,0,0.0,android,NL,hard
586,174.08345060389937,0.0,0,0.0,android,NL,hard
587,57.432069330871656,0.0,0,0.0,android,NL,hard
588,163.49825931828,0.0,0,0.0,android,NL,hard
589,55.46436752888887,0.0,0,0.0,android,NL,hard
590,102.54368396734353,0.0,0,0.0,android,NL,hard
591,43.39697144011715,0.0,0,0.0,android,NL,hard
592,155.25759160278116,0.0,0,0.0,android,NL,hard
593,159.36016086048687,0.0,0,0.0,android,NL,hard
594,99.64206392740529,0.0,0,0.0,android,NL,hard
595,35.07599978878996,0.0,1,1.0,android,NL,hard
595,113.30101193380739,35.07599978878996,0,0.0,android,NL,hard
596,158.90035567738042,0.0,0,0.0,android,NL,hard
597,159.86068096944322,0.0,0,0.0,android,NL,hard
598,102.08010873586935,0.0,0,0.0,android,NL,hard
599,164.4993483220529,0.0,0,0.0,android,NL,hard
600,23.809119635202805,0.0,0,0.0,android,NL,hard
601,150.64043651058324,0.0,0,0.0,ios,GB,easy
602,0.4891453891674162,0.0,1,4.0,ios,GB,easy
602,46.02648258999703,0.4891453891674162,0,0.0,ios,GB,easy
603,1.0975034715536676,0.0,1,1.0,ios,GB,easy
603,133.9734835974406,1.0975034715536676,0,0.0,ios,GB,easy
604,6.918019661997827,0.0,0,0.0,ios,GB,easy
605,8.469220444985373,0.0,0,0.0,ios,GB,easy
606,38.56620634090618,0.0,0,0.0,ios,GB,easy
607,139.4287987526857,0.0,0,0.0,ios,GB,easy
608,20.263221537416126,0.0,0,0.0,ios,GB,easy
609,57.516955468765865,0.0,0,0.0,ios,GB,easy
610,3.075864250852365,0.0,0,0.0,ios,GB,easy
611,30.054290725624583,0.0,0,0.0,ios,GB,easy
612,33.254833458473826,0.0,0,0.0,ios,GB,easy
613,63.99524785216517,0.0,0,0.0,ios,GB,easy
614,32.65158737873627,0.0,0,0.0,ios,GB,easy
615,114.56998526374602,0.0,0,0.0,ios,GB,easy
616,75.6802349647037,0.0,0,0.0,ios,GB,easy
617,59.35517755957582,0.0,0,0.0,ios,GB,easy
618,18.92541285383426,0.0,0,0.0,ios,GB,easy
619,107.16334273509925,0.0,0,0.0,ios,GB,easy
620,142.92507502008246,0.0,0,0.0,ios,GB,easy
621,7.512661494881003,0.0,0,0.0,ios,GB,easy
622,44.175123901413556,0.0,0,0.0,ios,GB,easy
623,25.685141837953164,0.0,0,0.0,ios,GB,easy
624,177.9329583211015,0.0,0,0.0,ios,GB,easy
625,45.81039151046668,0.0,0,0.0,ios,GB,easy
626,98.45614623973714,0.0,0,0.0,ios,GB,easy
627,170.66369430424984,0.0,0,0.0,ios,GB,easy
628,38.10848495070093,0.0,1,1.0,ios,GB,easy
628,83.63401683167226,38.10848495070093,0,0.0,ios,GB,easy
629,43.267932351085214,0.0,0,0.0,ios,GB,easy
630,119.27962033051796,0.0,0,0.0,ios,GB,easy
631,11.767341809910421,0.0,1,1.0,ios,GB,easy
631,55.41670244476239,11.767341809910421,1,4.0,ios,GB,easy
631,60.02064098033203,55.41670244476239,0,0.0,ios,GB,easy
632,99.94154553043079,0.0,0,0.0,ios,GB,easy
633,101.36478802530127,0.0,0,0.0,ios,GB,easy
634,82.14146227647365,0.0,0,0.0,ios,GB,easy
635,63.521175343994955,0.0,0,0.0,ios,GB,easy
636,97.62088056646043,0.0,0,0.0,ios,GB,easy
637,118.16242181193762,0.0,0,0.0,ios,GB,easy
638,13.255415187280402,0.0,0,0.0,ios,GB,easy
639,159.29696227780266,0.0,0,0.0,ios,GB,easy
640,79.05021081650253,0.0,0,0.0,ios,GB,easy
641,60.175477534325374,0.0,0,0.0,ios,GB,easy
642,144.38467875797986,0.0,0,0.0,ios,GB,easy
643,125.83944308018718,0.0,0,0.0,ios,GB,easy
644,63.047826130545495,0.0,0,0.0,ios,GB,easy
645,67.79626531748171,0.0,0,0.0,ios,GB,easy
646,22.245130987759346,0.0,0,0.0,ios,GB,easy
647,17.111592045629507,0.0,0,0.0,ios,GB,easy
648,102.79417574271349,0.0,0,0.0,ios,GB,easy
649,14.841664540257709,0.0,1,1.0,ios,GB,easy
649,57.61464169841818,14.841664540257709,0,0.0,ios,GB,easy
650,4.401039976046867,0.0,0,0.0,ios,GB,easy
651,21.430963021162917,0.0,1,1.0,ios,GB,normal
651,121.8365816172518,21.430963021162917,0,0.0,ios,GB,normal
652,178.39219733677965,0.0,0,0.0,ios,GB,normal
653,26.69139166073724,0.0,0,0.0,ios,GB,normal
654,94.54851236737848,0.0,0,0.0,ios,GB,normal
655,27.377292759404973,0.0,0,0.0,ios,GB,normal
656,52.01070806155537,0.0,1,1.0,ios,GB,normal
656,64.61383749148105,52.01070806155537,1,1.0,ios,GB,normal
656,65.85578064868464,64.61383749148105,0,0.0,ios,GB,normal
657,56.72887640590312,0.0,0,0.0,ios,GB,normal
658,58.48391524316818,0.0,0,0.0,ios,GB,normal
659,176.3016935555242,0.0,0,0.0,ios,GB,normal
660,14.111291691271335,0.0,0,0.0,ios,GB,normal
661,49.059213544712364,0.0,0,0.0,ios,GB,normal
662,74.97230509400998,0.0,0,0.0,ios,GB,normal
663,50.848695170237555,0.0,0,0.0,ios,GB,normal
664,72.95510587044593,0.0,0,0.0,ios,GB,normal
665,71.01577128110335,0.0,1,1.0,ios,GB,normal
665,159.28745758205835,71.01577128110335,0,0.0,ios,GB,normal
666,79.4942879719366,0.0,0,0.0,ios,GB,normal
667,26.261514837026873,0.0,1,1.0,ios,GB,normal
667,83.23857653171814,26.261514837026873,0,0.0,ios,GB,normal
668,72.74502590041622,0.0,0,0.0,ios,GB,normal
669,97.69492736634616,0.0,0,0.0,ios,GB,normal
670,25.153004699668518,0.0,1,1.0,ios,GB,normal
670,84.54719810834776,25.153004699668518,1,1.0,ios,GB,normal
670,149.4137342691023,84.54719810834776,0,0.0,ios,GB,normal
671,42.389476986099204,0.0,1,4.0,ios,GB,normal
671,55.27126283054823,42.389476986099204,1,1.0,ios,GB,normal
671,131.26834500569873,55.27126283054823,0,0.0,ios,GB,normal
672,11.048012096715485,0.0,0,0.0,ios,GB,normal
673,80.60901426904259,0.0,0,0.0,ios,GB,normal
674,3.6248347145099524,0.0,0,0.0,ios,GB,normal
675,91.14177162874026,0.0,0,0.0,ios,GB,normal
676,60.81515209700498,0.0,0,0.0,ios,GB,normal
677,92.73253366550166,0.0,0,0.0,ios,GB,normal
678,159.88109759057974,0.0,0,0.0,ios,GB,normal
679,28.416012524728583,0.0,0,0.0,ios,GB,normal
680,110.42806439034405,0.0,0,0.0,ios,GB,normal
681,60.78192688635008,0.0,1,4.0,ios,GB,normal
681,62.824308407439545,60.78192688635008,0,0.0,ios,GB,normal
682,57.2966009404243,0.0,0,0.0,ios,GB,normal
683,171.87111637200485,0.0,0,0.0,ios,GB,normal
684,24.71802194025063,0.0,1,10.0,ios,GB,normal
684,128.83891943554167,24.71802194025063,0,0.0,ios,GB,normal
685,118.27562457137,0.0,0,0.0,ios,GB,normal
686,12.69502238999561,0.0,0,0.0,ios,GB,normal
687,120.36106276052517,0.0,0,0.0,ios,GB,normal
688,103.50639393165265,0.0,0,0.0,ios,GB,normal
689,9.671592782952347,0.0,1,4.0,ios,GB,normal
689,13.127302131371138,9.671592782952347,1,1.0,ios,GB,normal
689,40.738597890927494,13.127302131371138,1,4.0,ios,GB,normal
689,49.479563883209494,40.738597890927494,1,1.0,ios,GB,normal
689,134.45190304015358,49.479563883209494,0,0.0,ios,GB,normal
690,65.42253196439754,0.0,1,1.0,ios,GB,normal
690,74.19968715954829,65.42253196439754,0,0.0,ios,GB,normal
691,110.79305975698551,0.0,0,0.0,ios,GB,normal
692,12.235624649966411,0.0,0,0.0,ios,GB,normal
693,63.382166593453654,0.0,0,0.0,ios,GB,normal
694,70.14396985761117,0.0,0,0.0,ios,GB,normal
695,115.54655502567483,0.0,0,0.0,ios,GB,normal
696,154.33619291026517,0.0,0,0.0,ios,GB,normal
697,46.52328843403109,0.0,0,0.0,ios,GB,normal
698,18.54643284021251,0.0,1,1.0,ios,GB,normal
698,147.55798463511005,18.54643284021251,0,0.0,ios,GB,normal
699,99.4163109278638,0.0,0,0.0,ios,GB,normal
700,176.73445430057654,0.0,0,0.0,ios,GB,normal
701,3.7889045752589516,0.0,1,1.0,ios,GB,hard
701,103.44218184529959,3.7889045752589516,0,0.0,ios,GB,hard
702,9.34874948350081,0.0,0,0.0,ios,GB,hard
703,49.33133726705264,0.0,0,0.0,ios,GB,hard
704,10.409000693997655,0.0,1,1.0,ios,GB,hard
704,137.55087983768615,10.409000693997655,0,0.0,ios,GB,hard
705,112.39179830486934,0.0,0,0.0,ios,GB,hard
706,179.77039703499395,0.0,0,0.0,ios,GB,hard
707,70.68536735224781,0.0,0,0.0,ios,GB,hard
708,54.8394821104177,0.0,0,0.0,ios,GB,hard
709,14.661547886507638,0.0,1,1.0,ios,GB,hard
709,170.58170315659243,14.661547886507638,0,0.0,ios,GB,hard
710,141.4440048899817,0.0,0,0.0,ios,GB,hard
711,41.17143124182267,0.0,0,0.0,ios,GB,hard
712,136.0659801357145,0.0,0,0.0,ios,GB,hard
713,123.03716713821561,0.0,0,0.0,ios,GB,hard
714,72.91677860714728,0.0,0,0.0,ios,GB,hard
715,39.33144874285864,0.0,1,1.0,ios,GB,hard
715,72.20048434709074,39.33144874285864,1,10.0,ios,GB,hard
715,177.95615233951014,72.20048434709074,0,0.0,ios,GB,hard
716,117.94814333377329,0.0,0,0.0,ios,GB,hard
717,113.70297755689279,0.0,0,0.0,ios,GB,hard
718,12.352007184613829,0.0,0,0.0,ios,GB,hard
719,57.14650278435912,0.0,0,0.0,ios,GB,hard
720,147.03835318156095,0.0,0,0.0,ios,GB,hard
721,111.62404505339359,0.0,0,0.0,ios,GB,hard
722,26.35295193526425,0.0,0,0.0,ios,GB,hard
723,165.28988792247117,0.0,0,0.0,ios,GB,hard
724,177.31727031284584,0.0,0,0.0,ios,GB,hard
725,49.56469061941418,0.0,0,0.0,ios,GB,hard
726,143.2635949241591,0.0,0,0.0,ios,GB,hard
727,49.71608070082466,0.0,0,0.0,ios,GB,hard
728,18.475870315599877,0.0,0,0.0,ios,GB,hard
729,29.559310327542686,0.0,0,0.0,ios,GB,hard
730,5.704840714508675,0.0,1,1.0,ios,GB,hard
730,6.969123088950987,5.704840714508675,1,1.0,ios,GB,hard
730,130.6930663453457,6.969123088950987,0,0.0,ios,GB,hard
731,41.774777743371814,0.0,0,0.0,ios,GB,hard
732,138.37011184480676,0.0,0,0.0,ios,GB,hard
733,64.1464468704278,0.0,0,0.0,ios,GB,hard
734,165.64819664584553,0.0,0,0.0,ios,GB,hard
735,34.92747010929543,0.0,0,0.0,ios,GB,hard
736,9.067969013712322,0.0,1,1.0,ios,GB,hard
736,35.14397584676186,9.067969013712322,1,1.0,ios,GB,hard
736,168.91800452605307,35.14397584676186,0,0.0,ios,GB,hard
737,63.41991731359383,0.0,0,0.0,ios,GB,hard
738,27.335225431925195,0.0,1,1.0,ios,GB,hard
738,66.41547357162843,27.335225431925195,0,0.0,ios,GB,hard
739,100.29113849450268,0.0,0,0.0,ios,GB,hard
740,145.78930191576376,0.0,0,0.0,ios,GB,hard
741,127.6813303624294,0.0,0,0.0,ios,GB,hard
742,57.43230944322333,0.0,0,0.0,ios,GB,hard
743,134.8508007859479,0.0,0,0.0,ios,GB,hard
744,160.29711761964157,0.0,0,0.0,ios,GB,hard
745,148.71027792657256,0.0,0,0.0,ios,GB,hard
746,52.99930930485969,0.0,0,0.0,ios,GB,hard
747,17.78392965628772,0.0,1,4.0,ios,GB,hard
747,62.443951069103846,17.78392965628772,1,1.0,ios,GB,hard
747,151.5884738473678,62.443951069103846,0,0.0,ios,GB,hard
748,32.681010038055675,0.0,0,0.0,ios,GB,hard
749,151.9631697985208,0.0,0,0.0,ios,GB,hard
750,166.06607897132295,0.0,0,0.0,ios,GB,hard
751,28.516630600799648,0.0,1,1.0,ios,US,easy
751,69.79167175862327,28.516630600799648,1,1.0,ios,US,easy
751,157.66767813733125,69.79167175862327,0,0.0,ios,US,easy
752,57.252354304999066,0.0,0,0.0,ios,US,easy
753,122.24782114221681,0.0,0,0.0,ios,US,easy
754,66.65820466063049,0.0,0,0.0,ios,US,easy
755,105.13239033040439,0.0,0,0.0,ios,US,easy
756,165.8866195304081,0.0,0,0.0,ios,US,easy
757,11.33275051389553,0.0,0,0.0,ios,US,easy
758,73.90120564920333,0.0,0,0.0,ios,US,easy
759,95.94207263116162,0.0,0,0.0,ios,US,easy
760,102.13370255203836,0.0,0,0.0,ios,US,easy
761,114.80099606150782,0.0,0,0.0,ios,US,easy
762,85.91394189481645,0.0,0,0.0,ios,US,easy
763,45.56170498681868,0.0,1,1.0,ios,US,easy
763,163.12853786017877,45.56170498681868,0,0.0,ios,US,easy
764,57.01005367356276,0.0,0,0.0,ios,US,easy
765,169.69713614895707,0.0,0,0.0,ios,US,easy
766,124.38293498398336,0.0,0,0.0,ios,US,easy
767,5.624451282764562,0.0,1,1.0,ios,US,easy
767,8.43057684086222,5.624451282764562,1,1.0,ios,US,easy
767,46.52746749178869,8.43057684086222,0,0.0,ios,US,easy
768,11.185639843122779,0.0,0,0.0,ios,US,easy
769,22.327353695222296,0.0,0,0.0,ios,US,easy
770,37.30082323328072,0.0,0,0.0,ios,US,easy
771,36.88186782956342,0.0,0,0.0,ios,US,easy
772,6.6397313182176525,0.0,0,0.0,ios,US,easy
773,5.729375272859929,0.0,0,0.0,ios,US,easy
774,84.84324900223397,0.0,0,0.0,ios,US,easy
775,79.27938367091448,0.0,0,0.0,ios,US,easy
776,7.6787985469554805,0.0,0,0.0,ios,US,easy
777,2.3221815578012173,0.0,0,0.0,ios,US,easy
778,2.5266592969980897,0.0,1,1.0,ios,US,easy
778,6.616692522326961,2.5266592969980897,0,0.0,ios,US,easy
779,77.41999757897526,0.0,0,0.0,ios,US,easy
780,97.2911609547966,0.0,0,0.0,ios,US,easy
781,21.670847660270752,0.0,0,0.0,ios,US,easy
782,120.4730562137273,0.0,0,0.0,ios,US,easy
783,167.1978561956021,0.0,0,0.0,ios,US,easy
784,45.66543643597614,0.0,0,0.0,ios,US,easy
785,26.733555039969417,0.0,0,0.0,ios,US,easy
786,145.63622890279973,0.0,0,0.0,ios,US,easy
787,28.211056098883443,0.0,0,0.0,ios,US,easy
788,143.0200674011686,0.0,0,0.0,ios,US,easy
789,117.6698135070004,0.0,0,0.0,ios,US,easy
790,178.14448227628597,0.0,0,0.0,ios,US,easy
791,153.9732331461382,0.0,0,0.0,ios,US,easy
792,79.0117430151228,0.0,0,0.0,ios,US,easy
793,5.6803027099956305,0.0,0,0.0,ios,US,easy
794,52.775602139591044,0.0,0,0.0,ios,US,easy
795,176.04780668483846,0.0,0,0.0,ios,US,easy
796,132.45180859780683,0.0,0,0.0,ios,US,easy
797,128.18793587482088,0.0,0,0.0,ios,US,easy
798,16.56016678073338,0.0,0,0.0,ios,US,easy
799,67.15775445688918,0.0,0,0.0,ios,US,easy
800,16.509130263277065,0.0,0,0.0,ios,US,easy
801,5.201239534711606,0.0,0,0.0,ios,US,normal
802,66.68594370194397,0.0,0,0.0,ios,US,normal
803,144.47837310452607,0.0,0,0.0,ios,US,normal
804,17.96276432787424,0.0,0,0.0,ios,US,normal
805,83.9352897180313,0.0,0,0.0,ios,US,normal
806,139.13600902146786,0.0,0,0.0,ios,US,normal
807,35.463695426713585,0.0,0,0.0,ios,US,normal
808,40.54879043824555,0.0,1,1.0,ios,US,normal
808,77.92646373907877,40.54879043824555,1,1.0,ios,US,normal
808,139.91771539348102,77.92646373907877,0,0.0,ios,US,normal
809,16.319243273686084,0.0,1,1.0,ios,US,normal
809,24.06564804416679,16.319243273686084,1,1.0,ios,US,normal
809,70.17043117636815,24.06564804416679,0,0.0,ios,US,normal
810,121.62517905223389,0.0,0,0.0,ios,US,normal
811,29.649443477409545,0.0,1,1.0,ios,US,normal
811,71.53394847149474,29.649443477409545,0,0.0,ios,US,normal
812,73.2144759988297,0.0,0,0.0,ios,US,normal
813,37.437303448143425,0.0,0,0.0,ios,US,normal
814,160.503451538468,0.0,0,0.0,ios,US,normal
815,99.6198070265682,0.0,0,0.0,ios,US,normal
816,165.01673003728686,0.0,0,0.0,ios,US,normal
817,43.32783203585261,0.0,0,0.0,ios,US,normal
818,19.245836122337337,0.0,1,4.0,ios,US,normal
818,32.120112535888,19.245836122337337,0,0.0,ios,US,normal
819,148.10048315990818,0.0,0,0.0,ios,US,normal
820,16.63077003513331,0.0,0,0.0,ios,US,normal
821,2.8057275622869082,0.0,0,0.0,ios,US,normal
822,107.3164919755138,0.0,0,0.0,ios,US,normal
823,54.75148765062941,0.0,0,0.0,ios,US,normal
824,131.62052937716837,0.0,0,0.0,ios,US,normal
825,161.44649716392092,0.0,0,0.0,ios,US,normal
826,66.83713586292181,0.0,0,0.0,ios,US,normal
827,79.32955877675127,0.0,0,0.0,ios,US,normal
828,152.42241843605902,0.0,0,0.0,ios,US,normal
829,75.95344022212285,0.0,0,0.0,ios,US,normal
830,141.96191366321287,0.0,0,0.0,ios,US,normal
831,22.590324409598935,0.0,0,0.0,ios,US,normal
832,154.6293382317863,0.0,0,0.0,ios,US,normal
833,28.775788387688454,0.0,0,0.0,ios,US,normal
834,3.159966094398592,0.0,0,0.0,ios,US,normal
835,70.07673862120855,0.0,0,0.0,ios,US,normal
836,125.67561376804163,0.0,0,0.0,ios,US,normal
837,174.4756155834042,0.0,0,0.0,ios,US,normal
838,20.798623213219333,0.0,1,1.0,ios,US,normal
838,87.441685813939,20.798623213219333,0,0.0,ios,US,normal
839,4.533949501767172,0.0,0,0.0,ios,US,normal
840,61.00461111952524,0.0,0,0.0,ios,US,normal
841,9.673364027242476,0.0,1,1.0,ios,US,normal
841,40.19230659307682,9.673364027242476,0,0.0,ios,US,normal
842,16.768125526803132,0.0,0,0.0,ios,US,normal
843,28.929061251850868,0.0,1,1.0,ios,US,normal
843,126.34528602478339,28.929061251850868,0,0.0,ios,US,normal
844,59.963263398648074,0.0,0,0.0,ios,US,normal
845,120.25179135980778,0.0,0,0.0,ios,US,normal
846,18.443133075346005,0.0,0,0.0,ios,US,normal
847,72.6542638693567,0.0,0,0.0,ios,US,normal
848,71.62886758837627,0.0,0,0.0,ios,US,normal
849,53.766397138171484,0.0,0,0.0,ios,US,normal
850,13.300328378430947,0.0,0,0.0,ios,US,normal
851,6.888584945444163,0.0,0,0.0,ios,US,hard
852,167.0098722539623,0.0,0,0.0,ios,US,hard
853,123.63472714565825,0.0,0,0.0,ios,US,hard
854,58.59589951326245,0.0,0,0.0,ios,US,hard
855,59.259753805219276,0.0,0,0.0,ios,US,hard
856,179.4378767476077,0.0,0,0.0,ios,US,hard
857,106.65206991181499,0.0,0,0.0,ios,US,hard
858,28.017324420981254,0.0,1,1.0,ios,US,hard
858,140.48151598305066,28.017324420981254,0,0.0,ios,US,hard
859,102.19506622838286,0.0,0,0.0,ios,US,hard
860,31.821989943579403,0.0,0,0.0,ios,US,hard
861,43.80209211589786,0.0,0,0.0,ios,US,hard
862,40.969242737908424,0.0,0,0.0,ios,US,hard
863,14.172223309428782,0.0,1,1.0,ios,US,hard
863,98.59743125570847,14.172223309428782,0,0.0,ios,US,hard
864,117.40925868887861,0.0,0,0.0,ios,US,hard
865,175.74052021778894,0.0,0,0.0,ios,US,hard
866,168.28070820792522,0.0,0,0.0,ios,US,hard
867,176.71721853492562,0.0,0,0.0,ios,US,hard
868,44.29799476248188,0.0,0,0.0,ios,US,hard
869,96.77931350732838,0.0,0,0.0,ios,US,hard
870,3.3003854503000563,0.0,1,1.0,ios,US,hard
870,37.74286554517311,3.3003854503000563,0,0.0,ios,US,hard
871,40.99818232652301,0.0,1,1.0,ios,US,hard
871,52.61872808108032,40.99818232652301,1,1.0,ios,US,hard
871,88.58912590098832,52.61872808108032,0,0.0,ios,US,hard
872,104.27702382289637,0.0,0,0.0,ios,US,hard
873,105.29019060991034,0.0,0,0.0,ios,US,hard
874,151.12550263337522,0.0,0,0.0,ios,US,hard
875,32.091270352271515,0.0,0,0.0,ios,US,hard
876,45.45573691092444,0.0,0,0.0,ios,US,hard
877,56.82289057806041,0.0,0,0.0,ios,US,hard
878,108.30056625692336,0.0,0,0.0,ios,US,hard
879,171.02144717345828,0.0,0,0.0,ios,US,hard
880,134.99699823200694,0.0,0,0.0,ios,US,hard
881,82.36152128872394,0.0,0,0.0,ios,US,hard
882,173.43018698612576,0.0,0,0.0,ios,US,hard
883,64.99305189319853,0.0,0,0.0,ios,US,hard
884,143.97560294899898,0.0,0,0.0,ios,US,hard
885,57.163446603055164,0.0,0,0.0,ios,US,hard
886,44.49171789622971,0.0,0,0.0,ios,US,hard
887,58.04003778662363,0.0,0,0.0,ios,US,hard
888,93.9604860996262,0.0,0,0.0,ios,US,hard
889,13.36998663559124,0.0,0,0.0,ios,US,hard
890,101.07661565840895,0.0,0,0.0,ios,US,hard
891,99.00626712633252,0.0,0,0.0,ios,US,hard
892,152.1366868575847,0.0,0,0.0,ios,US,hard
893,171.15305719847632,0.0,0,0.0,ios,US,hard
894,126.50723314215078,0.0,0,0.0,ios,US,hard
895,86.51495443878723,0.0,1,4.0,ios,US,hard
895,136.57757434148425,86.51495443878723,0,0.0,ios,US,hard
896,36.78072064563507,0.0,0,0.0,ios,US,hard
897,6.364573805147896,0.0,1,1.0,ios,US,hard
897,27.220090329288734,6.364573805147896,0,0.0,ios,US,hard
898,38.41208496307312,0.0,0,0.0,ios,US,hard
899,107.8818738540613,0.0,1,4.0,ios,US,hard
899,117.46648453767693,107.8818738540613,0,0.0,ios,US,hard
900,73.53063294993227,0.0,0,0.0,ios,US,hard
901,161.22659168236095,0.0,0,0.0,ios,AU,easy
902,20.548521458507896,0.0,0,0.0,ios,AU,easy
903,32.54074450710493,0.0,0,0.0,ios,AU,easy
904,65.27543857358397,0.0,1,1.0,ios,AU,easy
904,112.82125648138945,65.27543857358397,0,0.0,ios,AU,easy
905,163.82723328675405,0.0,0,0.0,ios,AU,easy
906,29.003852215829603,0.0,1,1.0,ios,AU,easy
906,155.8514103657124,29.003852215829603,0,0.0,ios,AU,easy
907,179.3681307682243,0.0,0,0.0,ios,AU,easy
908,23.790408781594067,0.0,1,1.0,ios,AU,easy
908,54.31150282894139,23.790408781594067,0,0.0,ios,AU,easy
909,6.79828424253434,0.0,0,0.0,ios,AU,easy
910,14.4081902906242,0.0,1,1.0,ios,AU,easy
910,24.004144694445607,14.4081902906242,1,1.0,ios,AU,easy
910,102.21214339723389,24.004144694445607,0,0.0,ios,AU,easy
911,3.1285114695203657,0.0,1,1.0,ios,AU,easy
911,95.68434617652413,3.1285114695203657,0,0.0,ios,AU,easy
912,3.4142150452770212,0.0,1,1.0,ios,AU,easy
912,14.807376025981204,3.4142150452770212,1,1.0,ios,AU,easy
912,148.5323149762068,14.807376025981204,0,0.0,ios,AU,easy
913,15.066108546115956,0.0,0,0.0,ios,AU,easy
914,16.24519040838533,0.0,1,20.0,ios,AU,easy
914,21.33542803635876,16.24519040838533,0,0.0,ios,AU,easy
915,43.2098570047239,0.0,0,0.0,ios,AU,easy
916,75.29615620276523,0.0,0,0.0,ios,AU,easy
917,167.39227862592847,0.0,0,0.0,ios,AU,easy
918,91.39511764416959,0.0,0,0.0,ios,AU,easy
919,143.3598027407916,0.0,0,0.0,ios,AU,easy
920,158.72303007825474,0.0,0,0.0,ios,AU,easy
921,1.8039220560997338,0.0,0,0.0,ios,AU,easy
922,1.9274776746779512,0.0,1,1.0,ios,AU,easy
922,5.3369408542140695,1.9274776746779512,1,1.0,ios,AU,easy
922,176.45253485613944,5.3369408542140695,0,0.0,ios,AU,easy
923,76.64466678344473,0.0,0,0.0,ios,AU,easy
924,71.31181822727207,0.0,0,0.0,ios,AU,easy
925,54.179174827120235,0.0,1,1.0,ios,AU,easy
925,130.58408124390425,54.179174827120235,0,0.0,ios,AU,easy
926,144.08878483902498,0.0,0,0.0,ios,AU,easy
927,134.04730704390877,0.0,1,1.0,ios,AU,easy
927,134.45848295319183,134.04730704390877,0,0.0,ios,AU,easy
928,1.952940697487524,0.0,0,0.0,ios,AU,easy
929,2.0643372407336713,0.0,0,0.0,ios,AU,easy
930,166.9207183289062,0.0,0,0.0,ios,AU,easy
931,45.71057542588208,0.0,0,0.0,ios,AU,easy
932,85.24699790556122,0.0,0,0.0,ios,AU,easy
933,71.25215596363095,0.0,0,0.0,ios,AU,easy
934,122.84146280369572,0.0,0,0.0,ios,AU,easy
935,13.28472625437409,0.0,1,1.0,ios,AU,easy
935,13.593144212386655,13.28472625437409,0,0.0,ios,AU,easy
936,6.221952922173797,0.0,0,0.0,ios,AU,easy
937,8.770223852563845,0.0,0,0.0,ios,AU,easy
938,33.53217822117425,0.0,0,0.0,ios,AU,easy
939,20.785455021684655,0.0,1,1.0,ios,AU,easy
939,101.11598371343636,20.785455021684655,1,1.0,ios,AU,easy
939,110.55058259403566,101.11598371343636,1,4.0,ios,AU,easy
939,156.95104918907975,110.55058259403566,0,0.0,ios,AU,easy
940,158.00257881302744,0.0,0,0.0,ios,AU,easy
941,174.20503549843764,0.0,0,0.0,ios,AU,easy
942,91.2933625148687,0.0,0,0.0,ios,AU,easy
943,19.198529001147097,0.0,0,0.0,ios,AU,easy
944,13.420680937374728,0.0,1,4.0,ios,AU,easy
944,136.40212356066888,13.420680937374728,0,0.0,ios,AU,easy
945,39.79940314621239,0.0,0,0.0,ios,AU,easy
946,56.52098655460841,0.0,0,0.0,ios,AU,easy
947,38.49266503888446,0.0,1,1.0,ios,AU,easy
947,53.1209278487554,38.49266503888446,1,1.0,ios,AU,easy
947,167.48726139722223,53.1209278487554,0,0.0,ios,AU,easy
948,101.07118046471848,0.0,0,0.0,ios,AU,easy
949,107.39711115616777,0.0,0,0.0,ios,AU,easy
950,103.64879452364455,0.0,0,0.0,ios,AU,easy
951,36.62397132661919,0.0,0,0.0,ios,AU,normal
952,168.95421148115565,0.0,0,0.0,ios,AU,normal
953,2.50243815699557,0.0,0,0.0,ios,AU,normal
954,64.44220277005232,0.0,0,0.0,ios,AU,normal
955,7.265164623176423,0.0,0,0.0,ios,AU,normal
956,63.22316120899689,0.0,0,0.0,ios,AU,normal
957,176.1890679190212,0.0,0,0.0,ios,AU,normal
958,165.8733432789837,0.0,0,0.0,ios,AU,normal
959,111.04479132464347,0.0,0,0.0,ios,AU,normal
960,52.81596109314466,0.0,1,4.0,ios,AU,normal
960,66.16840800879937,52.81596109314466,1,1.0,ios,AU,normal
960,67.29603124725695,66.16840800879937,1,1.0,ios,AU,normal
960,125.16621181318517,67.29603124725695,0,0.0,ios,AU,normal
961,41.04444776412627,0.0,1,1.0,ios,AU,normal
961,102.85573684053175,41.04444776412627,0,0.0,ios,AU,normal
962,71.31425724344257,0.0,0,0.0,ios,AU,normal
963,13.002614430507375,0.0,1,1.0,ios,AU,normal
963,13.072720232172973,13.002614430507375,1,1.0,ios,AU,normal
963,70.16722025440606,13.072720232172973,0,0.0,ios,AU,normal
964,2.6186159057025837,0.0,1,1.0,ios,AU,normal
964,15.48659719637106,2.6186159057025837,1,1.0,ios,AU,normal
964,26.577079382866593,15.48659719637106,1,1.0,ios,AU,normal
964,103.77358064872834,26.577079382866593,0,0.0,ios,AU,normal
965,107.12480242216587,0.0,0,0.0,ios,AU,normal
966,38.94031321080156,0.0,0,0.0,ios,AU,normal
967,87.00796248497316,0.0,0,0.0,ios,AU,normal
968,22.295406733311957,0.0,1,1.0,ios,AU,normal
968,89.75135871115879,22.295406733311957,0,0.0,ios,AU,normal
969,36.44203868889937,0.0,0,0.0,ios,AU,normal
970,68.26787562037148,0.0,1,1.0,ios,AU,normal
970,100.78259914927635,68.26787562037148,0,0.0,ios,AU,normal
971,30.906093150567035,0.0,0,0.0,ios,AU,normal
972,29.274186493740224,0.0,0,0.0,ios,AU,normal
973,4.702509615634537,0.0,1,1.0,ios,AU,normal
973,4.728088349088729,4.702509615634537,1,1.0,ios,AU,normal
973,93.35540686647133,4.728088349088729,1,20.0,ios,AU,normal
973,148.71053457423452,93.35540686647133,0,0.0,ios,AU,normal
974,0.3990022779701885,0.0,0,0.0,ios,AU,normal
975,162.09459703228944,0.0,0,0.0,ios,AU,normal
976,9.67067732216761,0.0,1,1.0,ios,AU,normal
976,165.603472204603,9.67067732216761,0,0.0,ios,AU,normal
977,150.29798614785204,0.0,0,0.0,ios,AU,normal
978,11.512185076866574,0.0,1,1.0,ios,AU,normal
978,35.233113981335116,11.512185076866574,0,0.0,ios,AU,normal
979,136.87611640892123,0.0,0,0.0,ios,AU,normal
980,152.29860216867712,0.0,0,0.0,ios,AU,normal
981,32.3743795037528,0.0,0,0.0,ios,AU,normal
982,0.39037655633619783,0.0,1,1.0,ios,AU,normal
982,96.9405965256616,0.39037655633619783,0,0.0,ios,AU,normal
983,0.31993408573962817,0.0,1,10.0,ios,AU,normal
983,160.06485796821957,0.31993408573962817,0,0.0,ios,AU,normal
984,2.0617295704830396,0.0,0,0.0,ios,AU,normal
985,138.26576306347667,0.0,0,0.0,ios,AU,normal
986,8.066962828927936,0.0,1,1.0,ios,AU,normal
986,138.88682444402374,8.066962828927936,0,0.0,ios,AU,normal
987,4.333254375639013,0.0,1,4.0,ios,AU,normal
987,159.6337071303686,4.333254375639013,0,0.0,ios,AU,normal
988,44.46671608124018,0.0,1,1.0,ios,AU,normal
988,132.14881710719712,44.46671608124018,0,0.0,ios,AU,normal
989,126.0772931447516,0.0,0,0.0,ios,AU,normal
990,85.67448710662359,0.0,0,0.0,ios,AU,normal
991,56.478248815932965,0.0,1,1.0,ios,AU,normal
991,57.860424917678436,56.478248815932965,0,0.0,ios,AU,normal
992,103.30251899191879,0.0,0,0.0,ios,AU,normal
993,25.817901826333895,0.0,1,10.0,ios,AU,normal
993,37.9594394841085,25.817901826333895,0,0.0,ios,AU,normal
994,1.4177466577133806,0.0,1,1.0,ios,AU,normal
994,47.99172336467809,1.4177466577133806,1,1.0,ios,AU,normal
994,71.90125895619778,47.99172336467809,0,0.0,ios,AU,normal
995,115.34267333692877,0.0,0,0.0,ios,AU,normal
996,9.115803236397175,0.0,1,1.0,ios,AU,normal
996,20.18378743730512,9.115803236397175,1,1.0,ios,AU,normal
996,109.47538280596409,20.18378743730512,0,0.0,ios,AU,normal
997,8.40454594576056,0.0,0,0.0,ios,AU,normal
998,176.46429189251054,0.0,0,0.0,ios,AU,normal
999,7.547669428038591,0.0,1,4.0,ios,AU,normal
999,51.28280634476729,7.547669428038591,0,0.0,ios,AU,normal
1000,28.19666384330973,0.0,1,1.0,ios,AU,normal
1000,54.68581203772115,28.19666384330973,1,4.0,ios,AU,normal
1000,135.31016934350254,54.68581203772115,0,0.0,ios,AU,normal
1001,11.408014508582875,0.0,1,1.0,ios,AU,hard
1001,97.12408618835904,11.408014508582875,0,0.0,ios,AU,hard
1002,49.58409431654086,0.0,1,10.0,ios,AU,hard
1002,114.10191525515158,49.58409431654086,0,0.0,ios,AU,hard
1003,2.6856164573816255,0.0,0,0.0,ios,AU,hard
1004,6.761222369980837,0.0,0,0.0,ios,AU,hard
1005,40.36717814436804,0.0,0,0.0,ios,AU,hard
1006,18.234407306556577,0.0,1,1.0,ios,AU,hard
1006,58.303554105459476,18.234407306556577,0,0.0,ios,AU,hard
1007,38.03622866871624,0.0,0,0.0,ios,AU,hard
1008,94.74829235791485,0.0,0,0.0,ios,AU,hard
1009,36.85048127429374,0.0,0,0.0,ios,AU,hard
1010,179.84153915809242,0.0,0,0.0,ios,AU,hard
1011,158.2383243666082,0.0,0,0.0,ios,AU,hard
1012,20.741879972512983,0.0,0,0.0,ios,AU,hard
1013,174.68148481368897,0.0,0,0.0,ios,AU,hard
1014,2.261094078894951,0.0,1,1.0,ios,AU,hard
1014,55.03030446483377,2.261094078894951,0,0.0,ios,AU,hard
1015,11.143352584247815,0.0,1,1.0,ios,AU,hard
1015,145.18943005960094,11.143352584247815,0,0.0,ios,AU,hard
1016,32.28770293571041,0.0,1,1.0,ios,AU,hard
1016,33.266324725115375,32.28770293571041,1,4.0,ios,AU,hard
1016,38.89486170714495,33.266324725115375,0,0.0,ios,AU,hard
1017,150.83631072611038,0.0,0,0.0,ios,AU,hard
1018,59.0113097400669,0.0,0,0.0,ios,AU,hard
1019,107.95450368053314,0.0,0,0.0,ios,AU,hard
1020,18.184064488055537,0.0,0,0.0,ios,AU,hard
1021,135.4249025683959,0.0,0,0.0,ios,AU,hard
1022,81.10841999835586,0.0,0,0.0,ios,AU,hard
1023,9.833491712662488,0.0,1,1.0,ios,AU,hard
1023,15.53244032525855,9.833491712662488,0,0.0,ios,AU,hard
1024,0.28119965137851316,0.0,1,4.0,ios,AU,hard
1024,131.6702847138441,0.28119965137851316,0,0.0,ios,AU,hard
1025,42.8999302966524,0.0,0,0.0,ios,AU,hard
1026,27.615969543454284,0.0,1,4.0,ios,AU,hard
1026,41.17647282191257,27.615969543454284,1,4.0,ios,AU,hard
1026,83.0535773990147,41.17647282191257,0,0.0,ios,AU,hard
1027,43.420443870841424,0.0,1,1.0,ios,AU,hard
1027,132.39707796736712,43.420443870841424,0,0.0,ios,AU,hard
1028,157.7554841625354,0.0,0,0.0,ios,AU,hard
1029,119.36243440179857,0.0,0,0.0,ios,AU,hard
1030,85.55126680324256,0.0,0,0.0,ios,AU,hard
1031,61.960654947395014,0.0,0,0.0,ios,AU,hard
1032,8.241169573779809,0.0,1,1.0,ios,AU,hard
1032,26.379121049946903,8.241169573779809,1,1.0,ios,AU,hard
1032,86.98466113897018,26.379121049946903,0,0.0,ios,AU,hard
1033,73.51233772441341,0.0,0,0.0,ios,AU,hard
1034,57.04543762749124,0.0,0,0.0,ios,AU,hard
1035,31.211549750961307,0.0,0,0.0,ios,AU,hard
1036,78.34007612732724,0.0,0,0.0,ios,AU,hard
1037,3.2178919068135126,0.0,1,1.0,ios,AU,hard
1037,31.02712960088589,3.2178919068135126,0,0.0,ios,AU,hard
1038,168.73884932718835,0.0,0,0.0,ios,AU,hard
1039,38.243275803039744,0.0,0,0.0,ios,AU,hard
1040,11.209640190895739,0.0,1,1.0,ios,AU,hard
1040,104.54462957912075,11.209640190895739,0,0.0,ios,AU,hard
1041,108.4686796851142,0.0,0,0.0,ios,AU,hard
1042,34.36957532104244,0.0,1,1.0,ios,AU,hard
1042,122.01247402527454,34.36957532104244,0,0.0,ios,AU,hard
1043,43.3198805720876,0.0,1,1.0,ios,AU,hard
1043,57.37878088832448,43.3198805720876,0,0.0,ios,AU,hard
1044,144.94632610001295,0.0,0,0.0,ios,AU,hard
1045,93.2603154365626,0.0,0,0.0,ios,AU,hard
1046,151.89065635192398,0.0,0,0.0,ios,AU,hard
1047,16.69056249913345,0.0,1,1.0,ios,AU,hard
1047,119.23927923206354,16.69056249913345,0,0.0,ios,AU,hard
1048,159.96354997430694,0.0,0,0.0,ios,AU,hard
1049,146.1699822835326,0.0,0,0.0,ios,AU,hard
1050,16.723162394958504,0.0,0,0.0,ios,AU,hard
1051,93.20623419589622,0.0,0,0.0,ios,NL,easy
1052,83.71449119022972,0.0,0,0.0,ios,NL,easy
1053,164.83192112330613,0.0,0,0.0,ios,NL,easy
1054,54.26303055340766,0.0,0,0.0,ios,NL,easy
1055,111.2032498463582,0.0,0,0.0,ios,NL,easy
1056,57.39838887755872,0.0,0,0.0,ios,NL,easy
1057,115.29613407317049,0.0,0,0.0,ios,NL,easy
1058,134.84276684337308,0.0,0,0.0,ios,NL,easy
1059,55.01023340349178,0.0,0,0.0,ios,NL,easy
1060,55.62186397160591,0.0,0,0.0,ios,NL,easy
1061,33.22454916844363,0.0,0,0.0,ios,NL,easy
1062,39.451540251300415,0.0,0,0.0,ios,NL,easy
1063,117.87880406849393,0.0,0,0.0,ios,NL,easy
1064,99.42678006532135,0.0,0,0.0,ios,NL,easy
1065,171.23735428992305,0.0,0,0.0,ios,NL,easy
1066,0.8904740932774713,0.0,0,0.0,ios,NL,easy
1067,175.12361019082832,0.0,0,0.0,ios,NL,easy
1068,73.0840580900043,0.0,0,0.0,ios,NL,easy
1069,98.07489176496534,0.0,0,0.0,ios,NL,easy
1070,34.79899833487102,0.0,0,0.0,ios,NL,easy
1071,17.027580581073813,0.0,0,0.0,ios,NL,easy
1072,67.79501824346549,0.0,0,0.0,ios,NL,easy
1073,85.92366693255495,0.0,0,0.0,ios,NL,easy
1074,23.450079937975367,0.0,0,0.0,ios,NL,easy
1075,64.88131609707794,0.0,0,0.0,ios,NL,easy
1076,23.646183311236783,0.0,0,0.0,ios,NL,easy
1077,33.03549298254482,0.0,1,1.0,ios,NL,easy
1077,40.59453838090287,33.03549298254482,0,0.0,ios,NL,easy
1078,141.9812335039594,0.0,0,0.0,ios,NL,easy
1079,87.45279554633005,0.0,0,0.0,ios,NL,easy
1080,23.895532556252803,0.0,0,0.0,ios,NL,easy
1081,178.3090826893104,0.0,0,0.0,ios,NL,easy
1082,139.09299318876552,0.0,0,0.0,ios,NL,easy
1083,164.4117559265478,0.0,0,0.0,ios,NL,easy
1084,90.31927714706346,0.0,1,1.0,ios,NL,easy
1084,116.91328573783079,90.31927714706346,0,0.0,ios,NL,easy
1085,155.99457632741888,0.0,0,0.0,ios,NL,easy
1086,52.6155636945548,0.0,0,0.0,ios,NL,easy
1087,174.58378582803894,0.0,0,0.0,ios,NL,easy
1088,96.38588381560541,0.0,0,0.0,ios,NL,easy
1089,127.0812363978189,0.0,0,0.0,ios,NL,easy
1090,89.53070225857009,0.0,0,0.0,ios,NL,easy
1091,5.413833551684219,0.0,1,1.0,ios,NL,easy
1091,32.20527838159684,5.413833551684219,0,0.0,ios,NL,easy
1092,4.012690346583235,0.0,1,1.0,ios,NL,easy
1092,85.55045143127207,4.012690346583235,0,0.0,ios,NL,easy
1093,67.20451717033131,0.0,0,0.0,ios,NL,easy
1094,29.564222204488043,0.0,0,0.0,ios,NL,easy
1095,138.69668871397707,0.0,0,0.0,ios,NL,easy
1096,58.9113380200734,0.0,0,0.0,ios,NL,easy
1097,117.06063791177392,0.0,0,0.0,ios,NL,easy
1098,25.031964607698374,0.0,1,4.0,ios,NL,easy
1098,49.073710476943205,25.031964607698374,0,0.0,ios,NL,easy
1099,27.41610108684179,0.0,0,0.0,ios,NL,easy
1100,118.35013888494258,0.0,0,0.0,ios,NL,easy
1101,73.19298048306568,0.0,0,0.0,ios,NL,normal
1102,5.697806031579258,0.0,1,1.0,ios,NL,normal
1102,8.74362940847654,5.697806031579258,0,0.0,ios,NL,normal
1103,15.295646916598871,0.0,0,0.0,ios,NL,normal
1104,91.10588595826096,0.0,0,0.0,ios,NL,normal
1105,28.074693852470823,0.0,0,0.0,ios,NL,normal
1106,172.41948665773918,0.0,0,0.0,ios,NL,normal
1107,30.243851529551137,0.0,1,10.0,ios,NL,normal
1107,55.11846720393294,30.243851529551137,1,1.0,ios,NL,normal
1107,143.53210750630393,55.11846720393294,0,0.0,ios,NL,normal
1108,63.717907286064815,0.0,0,0.0,ios,NL,normal
1109,140.7082036419355,0.0,0,0.0,ios,NL,normal
1110,52.133150619632694,0.0,0,0.0,ios,NL,normal
1111,36.50930576613648,0.0,0,0.0,ios,NL,normal
1112,30.16039727649674,0.0,0,0.0,ios,NL,normal
1113,106.51626556621619,0.0,0,0.0,ios,NL,normal
1114,7.123172479105624,0.0,1,1.0,ios,NL,normal
1114,18.3605941834491,7.123172479105624,0,0.0,ios,NL,normal
1115,143.37700658694797,0.0,0,0.0,ios,NL,normal
1116,146.7189071354608,0.0,0,0.0,ios,NL,normal
1117,133.15409107213134,0.0,0,0.0,ios,NL,normal
1118,143.6772626191958,0.0,0,0.0,ios,NL,normal
1119,1.4707068761095843,0.0,0,0.0,ios,NL,normal
1120,118.91628034985753,0.0,0,0.0,ios,NL,normal
1121,60.2154013467609,0.0,0,0.0,ios,NL,normal
1122,115.56948871616737,0.0,0,0.0,ios,NL,normal
1123,161.09773975368267,0.0,0,0.0,ios,NL,normal
1124,9.649261566112612,0.0,0,0.0,ios,NL,normal
1125,4.52980019796934,0.0,0,0.0,ios,NL,normal
1126,14.23660412339754,0.0,1,1.0,ios,NL,normal
1126,56.95653581230865,14.23660412339754,0,0.0,ios,NL,normal
1127,153.77993197913392,0.0,0,0.0,ios,NL,normal
1128,15.99238029405954,0.0,1,1.0,ios,NL,normal
1128,50.240783113758056,15.99238029405954,0,0.0,ios,NL,normal
1129,120.95999537927483,0.0,0,0.0,ios,NL,normal
1130,133.93170111089447,0.0,0,0.0,ios,NL,normal
1131,3.7534592602254557,0.0,0,0.0,ios,NL,normal
1132,93.72732802651237,0.0,0,0.0,ios,NL,normal
1133,55.618157935978275,0.0,0,0.0,ios,NL,normal
1134,6.021912023158901,0.0,1,1.0,ios,NL,normal
1134,51.50351875638982,6.021912023158901,0,0.0,ios,NL,normal
1135,44.95693555770776,0.0,0,0.0,ios,NL,normal
1136,83.95316166179764,0.0,0,0.0,ios,NL,normal
1137,159.73102062679808,0.0,0,0.0,ios,NL,normal
1138,19.191387471444813,0.0,0,0.0,ios,NL,normal
1139,27.299896475642743,0.0,0,0.0,ios,NL,normal
1140,12.758264839593963,0.0,0,0.0,ios,NL,normal
1141,3.1954676136774673,0.0,0,0.0,ios,NL,normal
1142,70.20640073939649,0.0,0,0.0,ios,NL,normal
1143,178.07474905151392,0.0,0,0.0,ios,NL,normal
1144,53.28686996676523,0.0,0,0.0,ios,NL,normal
1145,143.8964976066795,0.0,0,0.0,ios,NL,normal
1146,93.88743128175997,0.0,0,0.0,ios,NL,normal
1147,138.724923218072,0.0,0,0.0,ios,NL,normal
1148,31.500268052776043,0.0,0,0.0,ios,NL,normal
1149,148.53137890436565,0.0,0,0.0,ios,NL,normal
1150,116.25657671005516,0.0,0,0.0,ios,NL,normal
1151,173.23811301224842,0.0,0,0.0,ios,NL,hard
1152,66.74731793717852,0.0,0,0.0,ios,NL,hard
1153,163.1444071714764,0.0,0,0.0,ios,NL,hard
1154,27.236905611466867,0.0,0,0.0,ios,NL,hard
1155,15.503799351746741,0.0,1,1.0,ios,NL,hard
1155,109.43375306391093,15.503799351746741,0,0.0,ios,NL,hard
1156,24.596897421285107,0.0,0,0.0,ios,NL,hard
1157,156.03086557903296,0.0,0,0.0,ios,NL,hard
1158,54.092875771904545,0.0,0,0.0,ios,NL,hard
1159,58.59730748683834,0.0,0,0.0,ios,NL,hard
1160,58.418372718924196,0.0,0,0.0,ios,NL,hard
1161,53.6558925593791,0.0,1,1.0,ios,NL,hard
1161,172.91933666163112,53.6558925593791,0,0.0,ios,NL,hard
1162,152.2477704003989,0.0,0,0.0,ios,NL,hard
1163,155.25715145429868,0.0,0,0.0,ios,NL,hard
1164,73.36205207547988,0.0,0,0.0,ios,NL,hard
1165,33.923257931394915,0.0,0,0.0,ios,NL,hard
1166,134.63842207288013,0.0,0,0.0,ios,NL,hard
1167,142.5486144391768,0.0,0,0.0,ios,NL,hard
1168,58.20005938889483,0.0,0,0.0,ios,NL,hard
1169,108.66280169898577,0.0,0,0.0,ios,NL,hard
1170,40.758535605602034,0.0,0,0.0,ios,NL,hard
1171,14.465818095361833,0.0,0,0.0,ios,NL,hard
1172,3.3018640099013226,0.0,1,1.0,ios,NL,hard
1172,31.851706241523313,3.3018640099013226,0,0.0,ios,NL,hard
1173,144.60198703525526,0.0,0,0.0,ios,NL,hard
1174,176.53118522223224,0.0,0,0.0,ios,NL,hard
1175,166.7059915957516,0.0,0,0.0,ios,NL,hard
1176,176.38628502199208,0.0,0,0.0,ios,NL,hard
1177,83.82374245550677,0.0,1,1.0,ios,NL,hard
1177,137.8911818466289,83.82374245550677,0,0.0,ios,NL,hard
1178,91.98238458784317,0.0,0,0.0,ios,NL,hard
1179,125.16732192750314,0.0,0,0.0,ios,NL,hard
1180,82.4955925087346,0.0,0,0.0,ios,NL,hard
1181,154.96254747921338,0.0,0,0.0,ios,NL,hard
1182,34.850860321167275,0.0,0,0.0,ios,NL,hard
1183,0.07428116848604399,0.0,1,1.0,ios,NL,hard
1183,64.1093977808221,0.07428116848604399,0,0.0,ios,NL,hard
1184,11.85189914058469,0.0,1,1.0,ios,NL,hard
1184,92.98719576645303,11.85189914058469,0,0.0,ios,NL,hard
1185,44.29318636468057,0.0,0,0.0,ios,NL,hard
1186,140.08413856644867,0.0,0,0.0,ios,NL,hard
1187,173.32412460589734,0.0,0,0.0,ios,NL,hard
1188,40.74044182857659,0.0,0,0.0,ios,NL,hard
1189,147.12927388089986,0.0,0,0.0,ios,NL,hard
1190,66.27212721459195,0.0,0,0.0,ios,NL,hard
1191,10.124144630040462,0.0,0,0.0,ios,NL,hard
1192,133.26309960177454,0.0,0,0.0,ios,NL,hard
1193,103.7867344620986,0.0,0,0.0,ios,NL,hard
1194,92.1392001794799,0.0,0,0.0,ios,NL,hard
1195,93.75405999731929,0.0,0,0.0,ios,NL,hard
1196,166.5372249779029,0.0,0,0.0,ios,NL,hard
1197,47.56807316818802,0.0,0,0.0,ios,NL,hard
1198,37.37421725746048,0.0,0,0.0,ios,NL,hard
1199,108.28640396588439,0.0,0,0.0,ios,NL,hard
1200,88.81458799473265,0.0,1,1.0,ios,NL,hard
1200,130.35177834490796,88.81458799473265,0,0.0,ios,NL,hard
